Run,Base_Cake,Desiccator,T_C,RH_pct,RH_Sensor,Initial_g,Final_g,Time_min,Pct_Change,Run_Global
1,A,4,24,80,RH03,2.398989683,2.638716675,300,9.860415455,1
2,A,18,24,80,RH03,2.488669191,2.46401175,480,-1.136036311,2
3,A,17,24,80,RH03,2.340974072,2.22903256,360,-4.410897783,3
4,A,20,24,80,RH03,2.427697585,2.370021655,480,-2.734283975,4
5,A,19,24,80,RH03,2.401588725,2.610691884,1440,8.764905992,5
6,A,7,24,80,RH03,2.387606551,3.05270165,4320,27.64065573,6
7,A,4,24,80,RH02,2.391486122,2.403456399,2880,0.711332241,7
8,A,17,24,80,RH01,2.395520617,2.568020133,1440,7.109865294,8
9,A,18,24,80,RH01,2.386528425,2.705617155,2160,13.27446531,9
10,A,20,24,80,RH01,2.375500698,2.409266407,720,1.394835672,10
11,A,17,24,80,RH01,2.402602612,2.965210378,2880,23.46682649,11
12,A,18,24,80,RH01,2.37138976,2.668243619,720,12.58399244,12
13,A,20,24,80,RH01,2.44958086,3.048396222,3600,24.65558169,13
14,A,20,24,80,RH02,2.385562664,2.727752578,1080,14.43534062,14
15,A,18,24,80,RH03,2.412195091,2.168573391,600,-10.06206877,15
16,A,17,24,80,RH01,2.411388113,2.690313367,2160,11.60280174,16
17,A,20,24,80,RH02,2.392117106,2.696077892,2160,12.53675356,17
18,A,20,24,80,RH02,2.468015378,2.841853024,2880,15.21221258,18
19,A,3,24,56,RH03,2.427362723,2.394744666,4320,-1.443874548,19
20,A,3,24,56,RH03,2.34779552,2.509167481,1440,6.749549955,20
21,A,2,24,33,RH04,2.417630241,2.519819208,480,4.074433771,21
22,A,2,24,33,RH04,2.436157685,2.813335955,2880,15.64614821,22
23,A,1,24,11,RH04,2.391284523,2.271608497,1440,-5.148694347,23
24,A,1,24,11,RH04,2.437729277,2.393397012,90,-2.370744192,24
1,A,4,24,80,RH03,2.396258029,2.495855175,720,4.277519251,25
2,A,18,24,80,RH03,2.411724226,2.822090853,3600,17.01658877,26
3,A,17,24,80,RH03,2.360377839,2.599368539,1080,10.19861278,27
4,A,20,24,80,RH03,2.389392612,2.447548555,720,2.48848881,28
5,A,19,24,80,RH03,2.410987054,2.929033912,6480,21.28181079,29
6,A,7,24,80,RH03,2.408741817,2.734178426,2880,13.51119679,30
7,A,4,24,80,RH02,2.447079054,2.514880591,240,2.781135768,31
8,A,17,24,80,RH01,2.423080257,2.437149706,240,0.508123394,32
9,A,18,24,80,RH01,2.480764696,2.567643253,480,3.246699568,33
10,A,20,24,80,RH01,2.397138285,2.526799468,720,5.521058058,34
11,A,17,24,80,RH01,2.462955306,3.198976168,2880,30.34215188,35
12,A,18,24,80,RH01,2.405078652,2.514305676,1440,4.458968277,36
13,A,20,24,80,RH01,2.355574052,2.460626328,1080,4.383761106,37
14,A,20,24,80,RH02,2.439838905,2.473808932,1080,1.405600849,38
15,A,18,24,80,RH03,2.41756931,2.577601251,3600,6.64107189,39
16,A,17,24,80,RH01,2.511934224,2.542820141,480,1.070527662,40
17,A,20,24,80,RH02,2.433244677,2.665801156,600,9.680216283,41
18,A,20,24,80,RH02,2.401035261,2.584506587,3600,7.403541915,42
19,A,3,24,56,RH03,2.471162752,2.751181532,1080,11.20716162,43
20,A,3,24,56,RH03,2.365117093,2.728239687,2880,15.17342682,44
21,A,2,24,33,RH04,2.43783517,2.975854121,3600,22.05481435,45
22,A,2,24,33,RH04,2.421321999,2.451599175,1080,1.399904258,46
23,A,1,24,11,RH04,2.43696064,2.756327671,2880,13.16771126,47
24,A,1,24,11,RH04,2.405613479,2.866446959,4320,19.24852952,48
1,A,4,24,80,RH03,2.392869788,2.763737823,4320,15.73691892,49
2,A,18,24,80,RH03,2.414745715,2.911097787,4320,20.64096022,50
3,A,17,24,80,RH03,2.418500793,2.635968831,3600,9.114543689,51
4,A,20,24,80,RH03,2.433822572,2.456740753,3600,0.919205247,52
5,A,19,24,80,RH03,2.506041589,2.519150503,1080,0.276379029,53
6,A,7,24,80,RH03,2.378884223,2.45687655,2880,3.272347187,54
7,A,4,24,80,RH02,2.355228084,2.639506385,3600,12.12327003,55
8,A,17,24,80,RH01,2.342799404,2.469751273,30,5.570119299,56
9,A,18,24,80,RH01,2.37287255,2.915656119,4320,22.74193872,57
10,A,20,24,80,RH01,2.36844304,2.782990298,3600,17.26133692,58
11,A,17,24,80,RH01,2.464988985,2.781247203,1440,12.74973437,59
12,A,18,24,80,RH01,2.418340971,2.813611386,2880,16.15648482,60
13,A,20,24,80,RH01,2.421369503,2.35875385,720,-2.50505828,61
14,A,20,24,80,RH02,2.368897284,2.545215594,90,7.336477413,62
15,A,18,24,80,RH03,2.406672346,2.956705777,1440,22.64566534,63
16,A,17,24,80,RH01,2.436636573,2.706910203,2880,11.20451999,64
17,A,20,24,80,RH02,2.444060456,2.922279103,480,19.92269439,65
18,A,20,24,80,RH02,2.526666745,2.671503619,240,5.629603988,66
19,A,3,24,56,RH03,2.357855186,2.808965685,2880,18.5821321,67
20,A,3,24,56,RH03,2.49338651,2.802063292,600,12.80609985,68
21,A,2,24,33,RH04,2.457924769,2.752014826,1080,12.12631976,69
22,A,2,24,33,RH04,2.432336009,2.730020954,1080,12.19342106,70
23,A,1,24,11,RH04,2.38751626,2.702747198,2160,12.88031398,71
24,A,1,24,11,RH04,2.39150941,2.661891516,2880,11.15518757,72
1,A,4,24,80,RH03,2.419492901,2.432808522,1440,0.639468998,73
2,A,18,24,80,RH03,2.396775406,2.7476087,1440,14.62773646,74
3,A,17,24,80,RH03,2.44522491,2.400625632,240,-1.869085801,75
4,A,20,24,80,RH03,2.435177046,3.121430893,4320,28.41992738,76
5,A,19,24,80,RH03,2.375331733,2.32961972,180,-1.988883885,77
6,A,7,24,80,RH03,2.416256178,2.830044136,2880,17.32106146,78
7,A,4,24,80,RH02,2.416792113,2.523812548,1440,4.667930515,79
8,A,17,24,80,RH01,2.442489026,2.661082747,720,9.009954788,80
9,A,18,24,80,RH01,2.446386679,2.620401356,720,7.186208398,81
10,A,20,24,80,RH01,2.403418644,2.742165815,3600,14.02652317,82
11,A,17,24,80,RH01,2.432472499,2.73606833,4320,12.47630306,83
12,A,18,24,80,RH01,2.443996727,3.149146732,4320,29.18653907,84
13,A,20,24,80,RH01,2.454509532,2.582404972,720,5.107998621,85
14,A,20,24,80,RH02,2.521062332,2.935536781,2160,16.7551352,86
15,A,18,24,80,RH03,2.493866619,2.638272951,2160,5.888711334,87
16,A,17,24,80,RH01,2.415577248,2.26074758,1080,-6.580907593,88
17,A,20,24,80,RH02,2.450285782,2.520499882,600,2.83589996,89
18,A,20,24,80,RH02,2.397276881,2.657960567,1440,10.81883623,90
19,A,3,24,56,RH03,2.413329538,2.866240446,2880,18.9386412,91
20,A,3,24,56,RH03,2.417547256,2.731111803,3600,12.69272426,92
21,A,2,24,33,RH04,2.459368343,2.934807135,3600,19.62711045,93
22,A,2,24,33,RH04,2.442345357,2.679516308,360,10.01735064,94
23,A,1,24,11,RH04,2.517763351,2.886836224,2160,15.34160282,95
24,A,1,24,11,RH04,2.384298747,2.897888128,2880,21.32527281,96
1,A,4,24,80,RH03,2.467578582,2.769972134,720,12.59072095,97
2,A,18,24,80,RH03,2.423673014,2.460895221,360,1.292749051,98
3,A,17,24,80,RH03,2.396985323,3.068921459,3600,27.73189731,99
4,A,20,24,80,RH03,2.480683101,2.712505992,300,9.419015588,100
5,A,19,24,80,RH03,2.399623253,2.710577807,5040,12.93372357,101
6,A,7,24,80,RH03,2.437967375,2.610861922,720,7.103889133,102
7,A,4,24,80,RH02,2.474883542,2.858966297,3600,15.81942068,103
8,A,17,24,80,RH01,2.436087431,2.505955345,2160,2.670477761,104
9,A,18,24,80,RH01,2.418449601,2.515468906,1440,3.728277314,105
10,A,20,24,80,RH01,2.489368455,2.805500095,2880,12.93389353,106
11,A,17,24,80,RH01,2.435770149,2.21443614,1080,-9.409919334,107
12,A,18,24,80,RH01,2.31869211,2.628209193,1080,12.69904246,108
13,A,20,24,80,RH01,2.477236956,2.574684603,1080,3.64433304,109
14,A,20,24,80,RH02,2.465025718,2.59171949,720,5.003554759,110
15,A,18,24,80,RH03,2.437293736,2.499211871,1440,2.320918034,111
16,A,17,24,80,RH01,2.429471415,2.700181338,240,11.34963898,112
17,A,20,24,80,RH02,2.400906751,2.750341276,3600,14.6026458,113
18,A,20,24,80,RH02,2.457867769,2.674141544,2160,8.775695085,114
19,A,3,24,56,RH03,2.405065405,2.517848508,1080,4.569168619,115
20,A,3,24,56,RH03,2.36332697,2.898887286,2880,22.31370697,116
21,A,2,24,33,RH04,2.351923043,2.564180138,1440,9.091116254,117
22,A,2,24,33,RH04,2.351886537,2.83515792,2880,20.23343736,118
23,A,1,24,11,RH04,2.430819492,2.641037874,2880,8.756819853,119
24,A,1,24,11,RH04,2.382144437,3.087500022,2880,29.24618661,120
1,A,4,24,80,RH03,2.402514376,2.669913192,360,11.03696459,121
2,A,18,24,80,RH03,2.479948337,2.582947355,600,3.928813873,122
3,A,17,24,80,RH03,2.460029323,2.411593764,1080,-2.195514107,123
4,A,20,24,80,RH03,2.45320462,2.384588179,720,-2.966530071,124
5,A,19,24,80,RH03,2.408590377,2.726587067,600,13.04876393,125
6,A,7,24,80,RH03,2.3886641,2.528342874,2880,5.848112666,126
7,A,4,24,80,RH02,2.436308324,2.953235962,2880,21.49997917,127
8,A,17,24,80,RH01,2.468669023,2.794318855,240,13.29667571,128
9,A,18,24,80,RH01,2.435426716,2.862812717,600,17.6937616,129
10,A,20,24,80,RH01,2.352827599,2.777955713,1440,17.84481919,130
11,A,17,24,80,RH01,2.381700259,2.601829166,30,9.374387075,131
12,A,18,24,80,RH01,2.421406948,2.936783039,4320,21.33761723,132
13,A,20,24,80,RH01,2.411413086,2.652694236,5040,9.946311774,133
14,A,20,24,80,RH02,2.44311165,3.124114873,5040,27.9109714,134
15,A,18,24,80,RH03,2.39458397,2.674650481,4320,11.76110864,135
16,A,17,24,80,RH01,2.42671563,2.432297626,1080,0.352018818,136
17,A,20,24,80,RH02,2.409014434,2.66252292,1080,10.67197087,137
18,A,20,24,80,RH02,2.392596778,2.698799345,1440,12.6211271,138
19,A,3,24,56,RH03,2.454125331,3.223333587,2880,31.87403001,139
20,A,3,24,56,RH03,2.330910597,2.745510854,6480,17.26946997,140
21,A,2,24,33,RH04,2.421361665,2.7570989,4320,13.83287133,141
22,A,2,24,33,RH04,2.404556239,2.921046776,5040,21.52839911,142
23,A,1,24,11,RH04,2.431319853,2.665075852,600,9.461174835,143
24,A,1,24,11,RH04,2.370130618,2.404753524,720,1.467608016,144
1,A,4,24,80,RH03,2.407484827,2.664212726,1440,10.52383935,145
2,A,18,24,80,RH03,2.389403444,2.737081692,1440,14.54500067,146
3,A,17,24,80,RH03,2.344503846,2.826348214,4320,19.96415939,147
4,A,20,24,80,RH03,2.456693341,2.875645444,1440,17.32688762,148
5,A,19,24,80,RH03,2.367008253,2.556893111,480,7.916834745,149
6,A,7,24,80,RH03,2.430156997,2.547846799,720,5.016305491,150
7,A,4,24,80,RH02,2.429272757,2.668120822,3600,10.01696202,151
8,A,17,24,80,RH01,2.452960419,3.278687389,4320,34.1412366,152
9,A,18,24,80,RH01,2.434498181,2.523914314,30,3.793774563,153
10,A,20,24,80,RH01,2.428781495,2.503781178,300,2.973931988,154
11,A,17,24,80,RH01,2.433998509,2.66632884,1440,9.943799014,155
12,A,18,24,80,RH01,2.492066749,2.599806024,720,4.304848106,156
13,A,20,24,80,RH01,2.423420624,2.469306833,480,1.891555649,157
14,A,20,24,80,RH02,2.461431076,2.179017144,1080,-11.98444149,158
15,A,18,24,80,RH03,2.44060414,2.660280665,480,8.766123279,159
16,A,17,24,80,RH01,2.389090096,2.675516249,2160,11.83360069,160
17,A,20,24,80,RH02,2.445062751,2.869609372,2160,17.72274005,161
18,A,20,24,80,RH02,2.463579789,2.905470955,3600,18.1039307,162
19,A,3,24,56,RH03,2.379969087,2.953270194,1440,23.84622124,163
20,A,3,24,56,RH03,2.434248943,2.688726055,3600,10.56449789,164
21,A,2,24,33,RH04,2.433372705,2.725051002,1440,11.83413806,165
22,A,2,24,33,RH04,2.439410505,2.464115352,720,0.851487207,166
23,A,1,24,11,RH04,2.367690741,2.451715956,1440,3.671037632,167
24,A,1,24,11,RH04,2.415258431,2.806490903,5040,16.17303776,168
1,A,4,24,80,RH03,2.375396853,2.290098983,1080,-3.876379969,169
2,A,18,24,80,RH03,2.341367051,2.966939618,4320,26.04595154,170
3,A,17,24,80,RH03,2.441937418,2.623025109,2880,7.40632161,171
4,A,20,24,80,RH03,2.437924543,3.146934171,2880,29.39731304,172
5,A,19,24,80,RH03,2.460580246,2.98046284,2880,21.42809914,173
6,A,7,24,80,RH03,2.363722263,2.404214689,240,1.668312172,174
7,A,4,24,80,RH02,2.36592622,3.07160699,5040,29.20781974,175
8,A,17,24,80,RH01,2.459606673,2.980720828,4320,21.69206935,176
9,A,18,24,80,RH01,2.506324158,2.739788738,720,9.398029928,177
10,A,20,24,80,RH01,2.460090205,2.560477492,90,4.331369718,178
11,A,17,24,80,RH01,2.436447726,2.201752919,480,-9.858283345,179
12,A,18,24,80,RH01,2.486614496,3.062765475,2880,23.68993121,180
13,A,20,24,80,RH01,2.380883063,3.008426101,2160,26.01377751,181
14,A,20,24,80,RH02,2.438920831,2.601361829,2880,6.738408028,182
15,A,18,24,80,RH03,2.397386786,2.606189522,1440,8.842445173,183
16,A,17,24,80,RH01,2.410344431,2.77527773,2880,14.96766627,184
17,A,20,24,80,RH02,2.488114375,2.693236143,4320,8.178631595,185
18,A,20,24,80,RH02,2.420231607,2.421307435,480,0.04175973,186
19,A,3,24,56,RH03,2.478111484,2.926336261,2160,18.22604247,187
20,A,3,24,56,RH03,2.439290132,2.386648668,720,-2.070073488,188
21,A,2,24,33,RH04,2.422482363,2.535572842,600,4.494906095,189
22,A,2,24,33,RH04,2.433450652,2.879103053,2160,18.42838726,190
23,A,1,24,11,RH04,2.428634707,2.292068269,720,-5.724736813,191
24,A,1,24,11,RH04,2.381254758,2.783136859,720,16.57429593,192
1,A,4,24,80,RH03,2.362181636,2.52506328,1440,6.864391276,193
2,A,18,24,80,RH03,2.400991415,2.573670919,1080,7.314493101,194
3,A,17,24,80,RH03,2.365562315,2.624265492,1080,10.8703527,195
4,A,20,24,80,RH03,2.365289954,2.513141418,240,6.301584905,196
5,A,19,24,80,RH03,2.449482868,2.456896666,1080,0.303690318,197
6,A,7,24,80,RH03,2.40553013,2.45720843,600,2.037126828,198
7,A,4,24,80,RH02,2.444219861,2.541698016,600,3.999442197,199
8,A,17,24,80,RH01,2.38088581,2.144204296,600,-9.784632378,200
9,A,18,24,80,RH01,2.377271006,2.845469411,1440,19.52429665,201
10,A,20,24,80,RH01,2.463833007,2.786326532,1440,13.25653248,202
11,A,17,24,80,RH01,2.399088723,2.579179221,1440,7.428644832,203
12,A,18,24,80,RH01,2.424977916,2.858160549,3600,17.92439312,204
13,A,20,24,80,RH01,2.396881566,2.694631638,3600,12.35704245,205
14,A,20,24,80,RH02,2.371976802,2.198542516,1080,-6.95687226,206
15,A,18,24,80,RH03,2.44447461,2.795973079,5040,14.7449793,207
16,A,17,24,80,RH01,2.462181096,2.682215473,1440,9.179206295,208
17,A,20,24,80,RH02,2.430921763,2.676078707,120,10.15868427,209
18,A,20,24,80,RH02,2.394471534,2.501229653,1440,4.587357865,210
19,A,3,24,56,RH03,2.398666135,2.584079083,1440,7.53565565,211
20,A,3,24,56,RH03,2.346515106,2.879879789,3600,21.94435119,212
21,A,2,24,33,RH04,2.432253497,2.463635171,4320,1.462573229,213
22,A,2,24,33,RH04,2.455753247,2.539865541,1440,3.437995272,214
23,A,1,24,11,RH04,2.503357918,2.869730325,2160,14.94775853,215
24,A,1,24,11,RH04,2.433169503,2.695271885,4320,10.84375856,216
1,A,4,24,80,RH03,2.429164865,2.749977926,2160,13.15924391,217
2,A,18,24,80,RH03,2.506456791,2.581538815,1440,2.835538303,218
3,A,17,24,80,RH03,2.462451932,2.797839401,720,13.5846199,219
4,A,20,24,80,RH03,2.468227894,2.908452648,2880,17.92527739,220
5,A,19,24,80,RH03,2.439459157,2.522980796,600,3.293516538,221
6,A,7,24,80,RH03,2.392874988,2.910540741,2160,21.36694672,222
7,A,4,24,80,RH02,2.394723094,2.589256379,1080,8.134411518,223
8,A,17,24,80,RH01,2.433237315,2.571526853,1080,5.45579127,224
9,A,18,24,80,RH01,2.435464694,2.717758982,2160,11.64782812,225
10,A,20,24,80,RH01,2.48012555,2.800122872,90,13.10873501,226
11,A,17,24,80,RH01,2.411928196,2.797544401,3600,15.94278876,227
12,A,18,24,80,RH01,2.376587654,3.295145142,4320,38.19271021,228
13,A,20,24,80,RH01,2.428709795,2.234639949,1080,-8.080646414,229
14,A,20,24,80,RH02,2.36004377,3.005335113,4320,26.99475957,230
15,A,18,24,80,RH03,2.414755192,2.649584331,5,9.684819975,231
16,A,17,24,80,RH01,2.381420595,2.497292922,2880,5.064677086,232
17,A,20,24,80,RH02,2.43636861,2.758131851,1440,13.31493829,233
18,A,20,24,80,RH02,2.363203564,2.66912951,1440,12.90692013,234
19,A,3,24,56,RH03,2.439237454,2.998923293,4320,23.07710943,235
20,A,3,24,56,RH03,2.419836675,2.638301006,2880,8.833823577,236
21,A,2,24,33,RH04,2.440944003,2.511234898,1440,2.879657522,237
22,A,2,24,33,RH04,2.42197668,2.438899749,1440,0.653342187,238
23,A,1,24,11,RH04,2.424506016,3.109760115,2880,28.17540967,239
24,A,1,24,11,RH04,2.482424825,2.793380281,600,12.34098398,240
1,A,4,24,80,RH03,2.458069663,2.892250858,2880,17.90513452,241
2,A,18,24,80,RH03,2.414181401,2.806664098,4320,16.33868754,242
3,A,17,24,80,RH03,2.418820904,2.592901674,120,7.131984265,243
4,A,20,24,80,RH03,2.425648732,2.736087452,1440,12.94167033,244
5,A,19,24,80,RH03,2.428685694,2.501331666,2160,2.971090658,245
6,A,7,24,80,RH03,2.323084515,2.356707229,600,1.343009894,246
7,A,4,24,80,RH02,2.384681049,2.288888242,180,-4.044886904,247
8,A,17,24,80,RH01,2.420073066,2.607440391,1080,7.536965089,248
9,A,18,24,80,RH01,2.432274136,2.659356296,2160,9.457428452,249
10,A,20,24,80,RH01,2.441242425,2.360888722,720,-3.390850573,250
11,A,17,24,80,RH01,2.420437573,2.847021858,2880,17.61739604,251
12,A,18,24,80,RH01,2.422018962,2.535036631,45,4.653686364,252
13,A,20,24,80,RH01,2.366902739,2.692254414,1440,13.55916815,253
14,A,20,24,80,RH02,2.488444089,2.491527373,720,-0.216446507,254
15,A,18,24,80,RH03,2.311751905,2.415373787,180,4.668117349,255
16,A,17,24,80,RH01,2.439741593,2.612499284,1080,6.890170684,256
17,A,20,24,80,RH02,2.334693768,2.502618694,1080,7.201236782,257
18,A,20,24,80,RH02,2.407540629,2.667636269,3600,10.90995853,258
19,A,3,24,56,RH03,2.461154824,2.325681328,180,-5.578128389,259
20,A,3,24,56,RH03,2.454957067,2.29286984,180,-6.798823881,260
21,A,2,24,33,RH04,2.494216743,2.638336757,720,5.730841073,261
22,A,2,24,33,RH04,2.475289796,2.82481102,1440,14.24045977,262
23,A,1,24,11,RH04,2.419109822,2.401901645,720,-0.544102056,263
24,A,1,24,11,RH04,2.44371522,2.696251239,480,10.43330192,264
1,A,4,24,80,RH03,2.443385744,2.818368885,2160,15.4324904,265
2,A,18,24,80,RH03,2.43776728,2.467796523,120,1.024424338,266
3,A,17,24,80,RH03,2.41589582,2.756000438,4320,14.03730761,267
4,A,20,24,80,RH03,2.414290338,2.909777111,720,20.60822029,268
5,A,19,24,80,RH03,2.436683422,2.866330102,2880,17.77030885,269
6,A,7,24,80,RH03,2.431284965,2.49829917,600,2.7128498,270
7,A,4,24,80,RH02,2.437205327,2.792282452,2160,14.49684192,271
8,A,17,24,80,RH01,2.38452942,2.363412286,2160,-0.717815205,272
9,A,18,24,80,RH01,2.416289618,2.848040632,1440,17.85939554,273
10,A,20,24,80,RH01,2.437190256,2.701096408,600,10.75220418,274
11,A,17,24,80,RH01,2.39348176,2.849854128,4320,18.83004713,275
12,A,18,24,80,RH01,2.39630384,2.549967581,2160,6.534859515,276
13,A,20,24,80,RH01,2.434301362,2.751868153,360,12.92677401,277
14,A,20,24,80,RH02,2.437091082,2.716179307,720,11.42790552,278
15,A,18,24,80,RH03,2.480934289,2.616787483,1440,5.363103227,279
16,A,17,24,80,RH01,2.348086879,2.192606527,90,-6.200746507,280
17,A,20,24,80,RH02,2.348713088,2.490973738,2160,5.976132818,281
18,A,20,24,80,RH02,2.396613093,2.759006841,1440,15.13009362,282
19,A,3,24,56,RH03,2.469546056,2.496413543,180,1.059135434,283
20,A,3,24,56,RH03,2.488910202,3.00405603,3600,21.30271313,284
21,A,2,24,33,RH04,2.461173108,3.203841783,2160,30.5939794,285
22,A,2,24,33,RH04,2.437367977,3.020616696,2880,24.04518031,286
23,A,1,24,11,RH04,2.421274842,2.918667208,2160,20.52098465,287
24,A,1,24,11,RH04,2.443771595,2.315396582,720,-5.405201854,288
1,A,4,24,80,RH03,2.414833975,2.301922854,720,-4.86954028,289
2,A,18,24,80,RH03,2.48131148,2.513690328,1440,1.225349351,290
3,A,17,24,80,RH03,2.413443049,3.407044371,5040,41.23269556,291
4,A,20,24,80,RH03,2.34579408,2.745981563,2880,16.91477834,292
5,A,19,24,80,RH03,2.447858785,3.110409304,2880,27.34996317,293
6,A,7,24,80,RH03,2.388409424,2.801188872,3600,17.11528116,294
7,A,4,24,80,RH02,2.369367378,2.553650591,2160,7.786315352,295
8,A,17,24,80,RH01,2.476602503,3.011192135,2160,21.93881931,296
9,A,18,24,80,RH01,2.441768587,2.086858589,1440,-14.67356219,297
10,A,20,24,80,RH01,2.368454404,2.430656977,180,2.712161785,298
11,A,17,24,80,RH01,2.394278818,2.555255728,2880,6.862805594,299
12,A,18,24,80,RH01,2.491294888,2.652911211,720,6.519999789,300
13,A,20,24,80,RH01,2.367128358,2.580822713,1440,9.042648573,301
14,A,20,24,80,RH02,2.470677077,2.541788199,1080,2.884202797,302
15,A,18,24,80,RH03,2.330187666,2.186173428,240,-5.844076942,303
16,A,17,24,80,RH01,2.444562815,2.577278431,600,5.343946451,304
17,A,20,24,80,RH02,2.400837249,2.503688642,2160,4.384419931,305
18,A,20,24,80,RH02,2.3980529,2.870838368,1440,19.67756178,306
19,A,3,24,56,RH03,2.397267084,2.45311274,1440,2.476047286,307
20,A,3,24,56,RH03,2.373512383,2.333849328,2880,-1.484640146,308
21,A,2,24,33,RH04,2.515184249,2.738606449,4320,8.981047445,309
22,A,2,24,33,RH04,2.368912811,2.48045855,600,4.936525228,310
23,A,1,24,11,RH04,2.369634649,2.303447526,480,-2.538215444,311
24,A,1,24,11,RH04,2.41918702,2.676250811,1080,10.44753385,312
1,A,4,24,80,RH03,2.455201201,2.758533386,1440,12.58363498,313
2,A,18,24,80,RH03,2.372425778,2.500549557,3600,5.519023174,314
3,A,17,24,80,RH03,2.424792628,2.498387951,1080,3.005569057,315
4,A,20,24,80,RH03,2.405874753,2.444945251,480,1.709920574,316
5,A,19,24,80,RH03,2.416083666,2.902231932,2880,20.16454102,317
6,A,7,24,80,RH03,2.422355205,2.867336429,3600,18.44774461,318
7,A,4,24,80,RH02,2.407238996,2.862863432,600,18.72207293,319
8,A,17,24,80,RH01,2.427962018,2.814625112,2880,15.92941819,320
9,A,18,24,80,RH01,2.449002811,2.621972856,600,6.991531808,321
10,A,20,24,80,RH01,2.43295715,2.500474322,2880,2.801488516,322
11,A,17,24,80,RH01,2.415986971,2.753193673,2160,14.16810386,323
12,A,18,24,80,RH01,2.435697102,2.872693909,4320,18.06258548,324
13,A,20,24,80,RH01,2.438232128,2.368260351,2160,-3.085239109,325
14,A,20,24,80,RH02,2.438910101,2.841896013,4320,16.61817384,326
15,A,18,24,80,RH03,2.45387201,2.538925047,2880,3.436275042,327
16,A,17,24,80,RH01,2.432723785,2.352806722,2160,-3.391405585,328
17,A,20,24,80,RH02,2.409933706,2.611078807,600,8.332074404,329
18,A,20,24,80,RH02,2.423212495,2.673322479,2880,10.40333183,330
19,A,3,24,56,RH03,2.37449953,2.568499216,2160,8.052323201,331
20,A,3,24,56,RH03,2.391969972,2.278459862,1440,-4.377470937,332
21,A,2,24,33,RH04,2.416466789,2.585914654,1440,6.865780212,333
22,A,2,24,33,RH04,2.441238054,2.888209844,1440,18.44924132,334
23,A,1,24,11,RH04,2.367402352,2.649759582,2880,11.84724948,335
24,A,1,24,11,RH04,2.391153154,2.739739475,4320,14.64469461,336
1,A,4,24,80,RH03,2.391163298,2.55588737,1080,6.919054088,337
2,A,18,24,80,RH03,2.391726021,2.987454813,2880,24.63067128,338
3,A,17,24,80,RH03,2.387400086,2.584929863,2160,8.169488681,339
4,A,20,24,80,RH03,2.42533955,2.81632013,3600,16.07787281,340
5,A,19,24,80,RH03,2.429587352,2.770782153,3600,13.99674414,341
6,A,7,24,80,RH03,2.349267421,2.581339395,1080,9.581821443,342
7,A,4,24,80,RH02,2.40646616,2.480358656,1080,3.07909268,343
8,A,17,24,80,RH01,2.406266315,2.565145011,1080,6.63185461,344
9,A,18,24,80,RH01,2.420532254,2.705756496,1440,11.75924437,345
10,A,20,24,80,RH01,2.444575368,3.005251391,2880,23.25081118,346
11,A,17,24,80,RH01,2.413219863,2.664356231,1080,10.34873886,347
12,A,18,24,80,RH01,2.397360377,2.785576758,5040,16.25651947,348
13,A,20,24,80,RH01,2.459592771,3.211494257,5040,31.07081845,349
14,A,20,24,80,RH02,2.384738675,2.089952639,2160,-11.99797412,350
15,A,18,24,80,RH03,2.416704524,2.801021843,720,16.0217785,351
16,A,17,24,80,RH01,2.386069027,2.148621588,480,-9.775042728,352
17,A,20,24,80,RH02,2.430314783,2.930515948,2160,20.65750773,353
18,A,20,24,80,RH02,2.380189967,2.546601788,1080,7.038445064,354
19,A,3,24,56,RH03,2.419184326,2.680006538,720,10.54654754,355
20,A,3,24,56,RH03,2.349041089,2.949277669,1080,25.00447239,356
21,A,2,24,33,RH04,2.385658573,2.283447576,2880,-4.210320008,357
22,A,2,24,33,RH04,2.461880829,2.675278709,2880,8.809626624,358
23,A,1,24,11,RH04,2.431491985,2.274281243,240,-6.624025921,359
24,A,1,24,11,RH04,2.420335761,2.435276881,1440,0.536912854,360
1,A,4,24,80,RH03,2.423803423,2.405831607,180,-0.797469415,361
2,A,18,24,80,RH03,2.348234099,2.886083966,3600,22.50029079,362
3,A,17,24,80,RH03,2.425883836,2.65167568,1080,9.340765513,363
4,A,20,24,80,RH03,2.416477336,2.64769544,1080,9.41568177,364
5,A,19,24,80,RH03,2.449107128,2.780049259,1440,13.44754845,365
6,A,7,24,80,RH03,2.390560092,2.540299064,2160,6.21281468,366
7,A,4,24,80,RH02,2.464034338,2.729081997,1080,10.73032712,367
8,A,17,24,80,RH01,2.479364303,2.571846502,1080,3.67425853,368
9,A,18,24,80,RH01,2.461740878,3.05362199,2160,24.48595363,369
10,A,20,24,80,RH01,2.406119191,2.644588918,1440,9.742474449,370
11,A,17,24,80,RH01,2.383724589,2.466320433,480,3.32015231,371
12,A,18,24,80,RH01,2.364133759,2.266055874,1440,-4.035684837,372
13,A,20,24,80,RH01,2.425093856,2.565882232,2880,5.584210328,373
14,A,20,24,80,RH02,2.350525686,2.575246041,1440,9.58256695,374
15,A,18,24,80,RH03,2.394493451,2.63482298,1080,9.94551249,375
16,A,17,24,80,RH01,2.43772159,2.640965685,480,8.43376785,376
17,A,20,24,80,RH02,2.384860262,2.636121344,3600,10.48749644,377
18,A,20,24,80,RH02,2.419868134,2.399534628,1080,-0.895734972,378
19,A,3,24,56,RH03,2.394781676,2.581879105,2880,7.525299678,379
20,A,3,24,56,RH03,2.423101824,2.736028463,3600,12.93608774,380
21,A,2,24,33,RH04,2.436495797,2.534816663,120,3.832868202,381
22,A,2,24,33,RH04,2.424865069,2.298596544,1080,-5.060342653,382
23,A,1,24,11,RH04,2.431519129,2.400821992,360,-1.194489456,383
24,A,1,24,11,RH04,2.421326382,2.122882614,2880,-12.42852736,384
1,A,4,24,80,RH03,2.421878917,2.837971799,1440,17.16722345,385
2,A,18,24,80,RH03,2.409026801,2.51265494,1440,4.254114203,386
3,A,17,24,80,RH03,2.427639666,2.708321319,2160,11.54058466,387
4,A,20,24,80,RH03,2.454859544,2.581263155,720,5.139251375,388
5,A,19,24,80,RH03,2.43724213,2.92549396,600,20.08063212,389
6,A,7,24,80,RH03,2.374658571,2.264386342,720,-4.598811876,390
7,A,4,24,80,RH02,2.385996039,3.095828398,2880,29.46104845,391
8,A,17,24,80,RH01,2.387480412,3.153247906,7920,31.92484661,392
9,A,18,24,80,RH01,2.405232577,2.235746471,2880,-7.022577808,393
10,A,20,24,80,RH01,2.384282255,2.489763645,10,4.523650756,394
11,A,17,24,80,RH01,2.400364609,2.806882354,600,16.85216914,395
12,A,18,24,80,RH01,2.40059304,2.440797403,720,1.6609912,396
13,A,20,24,80,RH01,2.403533991,2.749623513,3600,14.18205432,397
14,A,20,24,80,RH02,2.435914477,2.234176058,240,-8.760048506,398
15,A,18,24,80,RH03,2.505566824,2.733834928,2160,9.366322251,399
16,A,17,24,80,RH01,2.391894317,2.513029023,1440,5.300250053,400
17,A,20,24,80,RH02,2.416007489,2.457525067,1080,1.907928232,401
18,A,20,24,80,RH02,2.457997391,2.673393688,720,8.763824878,402
19,A,3,24,56,RH03,2.448615209,2.721091064,1080,11.17888647,403
20,A,3,24,56,RH03,2.355000755,2.519890043,720,7.0631621,404
21,A,2,24,33,RH04,2.46932326,2.455758177,1440,-0.83918326,405
22,A,2,24,33,RH04,2.413366076,2.567621615,5040,6.448584039,406
23,A,1,24,11,RH04,2.3240524,2.650714338,2160,13.6725845,407
24,A,1,24,11,RH04,2.428169223,2.738730296,180,12.70539914,408
1,A,4,24,80,RH03,2.43215718,2.599966214,1440,6.961297683,409
2,A,18,24,80,RH03,2.439980694,2.973510893,2880,22.11253315,410
3,A,17,24,80,RH03,2.441115776,2.937215485,4320,20.59177274,411
4,A,20,24,80,RH03,2.517355047,2.507003218,120,-0.825324163,412
5,A,19,24,80,RH03,2.340666863,2.733236148,2160,16.376374,413
6,A,7,24,80,RH03,2.414797359,2.685685583,1440,11.28004547,414
7,A,4,24,80,RH02,2.410820192,2.62980132,2160,9.063925393,415
8,A,17,24,80,RH01,2.4264565,2.963292759,2880,22.19244998,416
9,A,18,24,80,RH01,2.3780377,2.833602288,2160,19.00770263,417
10,A,20,24,80,RH01,2.449449692,2.933080142,4320,20.07061383,418
11,A,17,24,80,RH01,2.425644853,2.696858049,1440,11.36805264,419
12,A,18,24,80,RH01,2.380650351,2.366710343,1440,-0.794677013,420
13,A,20,24,80,RH01,2.401730701,2.691330365,60,12.06876252,421
14,A,20,24,80,RH02,2.37308419,2.780530207,3600,17.19900469,422
15,A,18,24,80,RH03,2.453110219,2.855229589,2880,16.64737369,423
16,A,17,24,80,RH01,2.365865823,2.192493846,360,-7.224143473,424
17,A,20,24,80,RH02,2.420930599,2.554087783,360,5.493514298,425
18,A,20,24,80,RH02,2.455670005,3.295494943,2880,34.86566309,426
19,A,3,24,56,RH03,2.434722951,2.700472205,2880,10.75778288,427
20,A,3,24,56,RH03,2.380729349,2.65715773,4320,11.55594627,428
21,A,2,24,33,RH04,2.453059689,2.539828292,180,3.596699709,429
22,A,2,24,33,RH04,2.460276924,2.625538118,1440,6.929573757,430
23,A,1,24,11,RH04,2.428165183,2.42464653,1080,-0.16989721,431
24,A,1,24,11,RH04,2.459030204,2.718846976,5760,10.67521622,432
1,A,4,24,80,RH03,2.392155575,2.860398379,2880,19.30195869,433
2,A,18,24,80,RH03,2.435268241,2.551523025,720,4.813237312,434
3,A,17,24,80,RH03,2.434528454,2.47182029,240,1.495902053,435
4,A,20,24,80,RH03,2.42066442,2.574109495,2160,6.240257203,436
5,A,19,24,80,RH03,2.38413746,2.627046598,600,10.05741561,437
6,A,7,24,80,RH03,2.455879764,2.751082343,1440,11.97551781,438
7,A,4,24,80,RH02,2.477905006,2.494419871,1440,0.573658619,439
8,A,17,24,80,RH01,2.448499626,2.637376978,1440,7.630349103,440
9,A,18,24,80,RH01,2.4161422,2.695230645,720,11.71238698,441
10,A,20,24,80,RH01,2.455734133,2.819122177,2160,14.89819474,442
11,A,17,24,80,RH01,2.39803622,2.373268762,1440,-1.012048303,443
12,A,18,24,80,RH01,2.380578447,2.474193206,360,3.794750855,444
13,A,20,24,80,RH01,2.409902381,2.854285475,5760,18.33294731,445
14,A,20,24,80,RH02,2.445652882,2.950770343,6480,20.69432522,446
15,A,18,24,80,RH03,2.405547708,2.807115622,2880,16.81050518,447
16,A,17,24,80,RH01,2.313896679,2.514195613,1440,8.41437858,448
17,A,20,24,80,RH02,2.350893897,2.681511474,2880,13.86306666,449
18,A,20,24,80,RH02,2.443313524,2.217021034,1440,-9.281341628,450
19,A,3,24,56,RH03,2.416703769,2.553975668,1080,5.8424051,451
20,A,3,24,56,RH03,2.41323046,2.720464462,1440,12.59870645,452
21,A,2,24,33,RH04,2.399124216,2.89958635,3600,20.67002796,453
22,A,2,24,33,RH04,2.455601439,2.79682191,2160,13.95423784,454
23,A,1,24,11,RH04,2.350263786,2.718770803,2160,15.4929772,455
24,A,1,24,11,RH04,2.325509305,2.278138457,1080,-1.855876517,456
1,A,4,24,80,RH03,2.475338181,2.984169199,2880,20.97861979,457
2,A,18,24,80,RH03,2.407428555,2.459987487,720,2.338475484,458
3,A,17,24,80,RH03,2.415638566,2.684150786,480,11.10509954,459
4,A,20,24,80,RH03,2.373118627,2.792422308,1440,17.45374047,460
5,A,19,24,80,RH03,2.498879595,3.125296445,3600,25.88492662,461
6,A,7,24,80,RH03,2.433883588,2.328852,600,-4.456267822,462
7,A,4,24,80,RH02,2.409665321,2.535365318,240,5.130742623,463
8,A,17,24,80,RH01,2.393813705,2.847693923,4320,18.90055059,464
9,A,18,24,80,RH01,2.431137741,2.728205966,2880,12.21587218,465
10,A,20,24,80,RH01,2.467212413,2.477221534,720,0.010304242,466
11,A,17,24,80,RH01,2.432666979,2.308147436,1440,-5.24342894,467
12,A,18,24,80,RH01,2.402840385,2.624216311,720,9.205729527,468
13,A,20,24,80,RH01,2.429818437,3.02040319,1080,24.36758025,469
14,A,20,24,80,RH02,2.462208229,2.990191401,4320,21.77706026,470
15,A,18,24,80,RH03,2.436595607,2.798123462,720,14.92516044,471
16,A,17,24,80,RH01,2.476180795,2.591180845,15,4.526735986,472
17,A,20,24,80,RH02,2.402412915,2.465646886,600,2.512187372,473
18,A,20,24,80,RH02,2.413790877,2.762290832,3600,14.45438176,474
19,A,3,24,56,RH03,2.38691377,2.691831698,2160,12.86216085,475
20,A,3,24,56,RH03,2.442758734,2.523840552,360,3.512652632,476
21,A,2,24,33,RH04,2.40393721,2.329508468,2160,-2.946945734,477
22,A,2,24,33,RH04,2.424677953,2.744578779,2160,13.18392143,478
23,A,1,24,11,RH04,2.431575173,2.567688517,480,5.338385447,479
24,A,1,24,11,RH04,2.372532767,2.609570386,1440,9.944704187,480
1,A,4,24,80,RH03,2.317483578,2.461519708,240,6.350223792,481
2,A,18,24,80,RH03,2.366499559,2.452626221,1440,3.854943288,482
3,A,17,24,80,RH03,2.400350568,2.716317789,2160,13.02337561,483
4,A,20,24,80,RH03,2.419018125,2.590410306,720,6.979061264,484
5,A,19,24,80,RH03,2.475248087,3.064678648,4320,24.31670202,485
6,A,7,24,80,RH03,2.451734279,2.50257974,1080,2.199443189,486
7,A,4,24,80,RH02,2.469247812,2.527985345,600,2.197244962,487
8,A,17,24,80,RH01,2.437676624,2.608794082,60,7.078839204,488
9,A,18,24,80,RH01,2.451556361,2.421520816,240,-1.418722283,489
10,A,20,24,80,RH01,2.395060861,2.899449411,2160,20.93029498,490
11,A,17,24,80,RH01,2.417215004,2.775638557,2880,14.84620253,491
12,A,18,24,80,RH01,2.424260247,2.910594141,4320,20.1162173,492
13,A,20,24,80,RH01,2.451358007,2.414170229,240,-1.731654344,493
14,A,20,24,80,RH02,2.476319261,3.010825832,2880,21.92677561,494
15,A,18,24,80,RH03,2.432303867,2.706246715,720,11.33635929,495
16,A,17,24,80,RH01,2.367858673,2.881063838,1080,21.35086061,496
17,A,20,24,80,RH02,2.387598476,2.285907366,240,-4.35224856,497
18,A,20,24,80,RH02,2.479022301,2.821427241,3600,13.97570968,498
19,A,3,24,56,RH03,2.362088357,2.625190898,2880,11.22719534,499
20,A,3,24,56,RH03,2.373605391,2.83985005,2880,19.46768854,500
21,A,2,24,33,RH04,2.382189859,2.611038703,1440,9.579744237,501
22,A,2,24,33,RH04,2.43042612,2.688432087,2160,10.58875073,502
23,A,1,24,11,RH04,2.429035095,3.105333269,5040,28.10240105,503
24,A,1,24,11,RH04,2.40133064,2.553833338,180,6.242390181,504
1,A,4,24,80,RH03,2.46363255,2.404775831,1080,-2.499297657,505
2,A,18,24,80,RH03,2.49316914,2.787197975,2160,11.98144238,506
3,A,17,24,80,RH03,2.423617467,2.531713508,1440,4.408511052,507
4,A,20,24,80,RH03,2.403309125,2.499348326,2160,3.999792292,508
5,A,19,24,80,RH03,2.444773731,2.35710405,360,-3.688344599,509
6,A,7,24,80,RH03,2.406900362,2.492650053,2160,3.557241304,510
7,A,4,24,80,RH02,2.384990431,2.465206988,240,3.363878173,511
8,A,17,24,80,RH01,2.399350183,2.550102083,1080,6.268478166,512
9,A,18,24,80,RH01,2.416803898,2.855830945,3600,18.27646753,513
10,A,20,24,80,RH01,2.433125897,2.479254141,240,1.828709244,514
11,A,17,24,80,RH01,2.377560296,2.499074791,2160,5.106077362,515
12,A,18,24,80,RH01,2.402858982,2.479618598,720,3.175822484,516
13,A,20,24,80,RH01,2.473749089,2.794368955,1080,13.21763267,517
14,A,20,24,80,RH02,2.426038384,2.585303527,2160,6.544388797,518
15,A,18,24,80,RH03,2.395995074,2.653468164,2160,10.54210373,519
16,A,17,24,80,RH01,2.429536913,2.693404483,1080,10.76578234,520
17,A,20,24,80,RH02,2.438490796,2.583908869,30,5.958895864,521
18,A,20,24,80,RH02,2.405698998,2.675827544,3600,11.17529066,522
19,A,3,24,56,RH03,2.450051267,2.683757181,1440,9.670686702,523
20,A,3,24,56,RH03,2.414057695,2.716426396,5760,12.51457349,524
21,A,2,24,33,RH04,2.443417512,2.959773224,4320,21.29999661,525
22,A,2,24,33,RH04,2.490109949,2.955794843,1080,19.22556079,526
23,A,1,24,11,RH04,2.359036621,2.527732564,2880,6.963734706,527
24,A,1,24,11,RH04,2.460676847,2.608610766,1440,5.906225968,528
1,A,4,24,80,RH03,2.376366976,2.582477605,1440,8.435996224,529
2,A,18,24,80,RH03,2.422939983,2.92057298,4320,20.42728026,530
3,A,17,24,80,RH03,2.454999939,2.664286803,60,8.490557338,531
4,A,20,24,80,RH03,2.411472605,2.820860242,5760,17.15349617,532
5,A,19,24,80,RH03,2.432305825,2.450097826,2880,0.647167947,533
6,A,7,24,80,RH03,2.365054003,2.667439797,2160,12.62959428,534
7,A,4,24,80,RH02,2.402452518,2.430310557,720,1.149784083,535
8,A,17,24,80,RH01,2.446883975,2.769047448,120,13.28825949,536
9,A,18,24,80,RH01,2.352475309,2.122528559,1080,-9.461104656,537
10,A,20,24,80,RH01,2.486855522,2.685695163,2880,8.036186911,538
11,A,17,24,80,RH01,2.418630819,2.625105126,1080,8.493407899,539
12,A,18,24,80,RH01,2.391588453,2.714067794,4320,13.42650597,540
13,A,20,24,80,RH01,2.380401868,2.614510822,1080,9.881326363,541
14,A,20,24,80,RH02,2.39825356,2.499400986,720,4.32399159,542
15,A,18,24,80,RH03,2.399855819,3.053389083,2880,27.07819305,543
16,A,17,24,80,RH01,2.462360895,2.633424431,1440,6.890592389,544
17,A,20,24,80,RH02,2.396172443,2.391058318,1080,-0.106658798,545
18,A,20,24,80,RH02,2.36497019,2.841006837,2880,19.9071354,546
19,A,3,24,56,RH03,2.412409344,2.642600986,2160,9.510238641,547
20,A,3,24,56,RH03,2.414620677,2.322198045,2880,-3.870428237,548
21,A,2,24,33,RH04,2.501510981,2.446921571,1080,-2.207421691,549
22,A,2,24,33,RH04,2.361874986,2.517701608,1440,6.820813017,550
23,A,1,24,11,RH04,2.365067927,2.527379045,2160,6.872740798,551
24,A,1,24,11,RH04,2.419526451,2.738624501,2160,13.25817596,552
1,A,4,24,80,RH03,2.411941512,2.595414438,300,7.549964281,553
2,A,18,24,80,RH03,2.424598595,2.659193899,6480,9.644509733,554
3,A,17,24,80,RH03,2.41416641,2.577333243,1440,6.685875065,555
4,A,20,24,80,RH03,2.390359866,2.781593718,1080,16.36062277,556
5,A,19,24,80,RH03,2.426505926,2.827985044,1440,16.58484832,557
6,A,7,24,80,RH03,2.427145892,2.57168093,1440,5.598667026,558
7,A,4,24,80,RH02,2.547674415,2.869890739,2160,13.05297758,559
8,A,17,24,80,RH01,2.472256033,3.008604528,2160,22.1142189,560
9,A,18,24,80,RH01,2.481290948,2.61977778,1440,5.692810131,561
10,A,20,24,80,RH01,2.416322866,2.614549109,1440,8.306769128,562
11,A,17,24,80,RH01,2.348090344,2.476471184,60,5.437797411,563
12,A,18,24,80,RH01,2.395501237,2.676426879,720,11.67491144,564
13,A,20,24,80,RH01,2.465848797,3.018979817,5040,22.67128137,565
14,A,20,24,80,RH02,2.3867367,3.167993537,6480,32.14795534,566
15,A,18,24,80,RH03,2.434073815,2.381082924,240,-2.347246225,567
16,A,17,24,80,RH01,2.386487572,2.828512289,3600,18.54076795,568
17,A,20,24,80,RH02,2.40174425,2.474192503,480,2.868497489,569
18,A,20,24,80,RH02,2.398721468,2.728096316,2160,13.729389,570
19,A,3,24,56,RH03,2.406077877,2.82472789,720,17.21499007,571
20,A,3,24,56,RH03,2.398326251,2.332495194,360,-2.617010702,572
21,A,2,24,33,RH04,2.360477904,2.263623566,180,-3.95668271,573
22,A,2,24,33,RH04,2.469267339,2.549037781,600,2.989171367,574
23,A,1,24,11,RH04,2.399295507,2.543555625,720,6.175839983,575
24,A,1,24,11,RH04,2.412566138,2.640570432,1440,9.54931066,576
1,A,4,24,80,RH03,2.382587476,2.542698293,2880,6.811596351,577
2,A,18,24,80,RH03,2.441300914,3.021924586,2160,23.85817285,578
3,A,17,24,80,RH03,2.457026848,2.89778055,1440,18.2833079,579
4,A,20,24,80,RH03,2.422933497,2.720666235,2880,12.48148671,580
5,A,19,24,80,RH03,2.402055639,2.579703641,2880,7.232926608,581
6,A,7,24,80,RH03,2.418520952,2.369496237,1080,-2.102654042,582
7,A,4,24,80,RH02,2.431469747,2.250747472,1080,-7.789296564,583
8,A,17,24,80,RH01,2.42730051,2.581450002,2880,6.355683115,584
9,A,18,24,80,RH01,2.41700106,2.667251778,1440,10.31119893,585
10,A,20,24,80,RH01,2.372800772,2.854476495,2880,20.18357091,586
11,A,17,24,80,RH01,2.417811899,2.523754431,240,4.304319974,587
12,A,18,24,80,RH01,2.434455114,2.695322773,2160,10.85444787,588
13,A,20,24,80,RH01,2.367759118,2.743994086,1440,15.77188514,589
14,A,20,24,80,RH02,2.494100372,2.706695585,1080,8.457514518,590
15,A,18,24,80,RH03,2.523876921,2.975721631,1080,18.6149889,591
16,A,17,24,80,RH01,2.414139904,3.098063345,6480,28.3289513,592
17,A,20,24,80,RH02,2.482719932,2.526774154,180,1.850432486,593
18,A,20,24,80,RH02,2.458238635,2.81376761,2160,14.27848726,594
19,A,3,24,56,RH03,2.393997968,2.83910218,4320,18.51270527,595
20,A,3,24,56,RH03,2.375540222,2.413729192,600,1.617950599,596
21,A,2,24,33,RH04,2.376965798,2.271405751,1440,-4.399037462,597
22,A,2,24,33,RH04,2.366687481,2.616843503,2160,10.28634383,598
23,A,1,24,11,RH04,2.467310201,3.019657405,4320,22.81262875,599
24,A,1,24,11,RH04,2.460677768,2.915679901,4320,18.75914531,600
1,A,4,24,80,RH03,2.443319483,2.751231498,2880,12.65225642,601
2,A,18,24,80,RH03,2.433919254,2.847166911,2160,16.94499682,602
3,A,17,24,80,RH03,2.393373376,2.754139369,300,14.8182184,603
4,A,20,24,80,RH03,2.448946634,2.600393277,2160,6.176781011,604
5,A,19,24,80,RH03,2.459355419,2.904897817,720,18.41071682,605
6,A,7,24,80,RH03,2.321375158,2.703591368,1080,16.21732951,606
7,A,4,24,80,RH02,2.408262975,2.905660634,5040,20.6496447,607
8,A,17,24,80,RH01,2.471094222,2.709836445,2160,9.567689232,608
9,A,18,24,80,RH01,2.477751366,2.60611902,2880,5.381790357,609
10,A,20,24,80,RH01,2.439966258,2.383991474,480,-2.595867217,610
11,A,17,24,80,RH01,2.429111859,2.411935144,1080,-0.795585389,611
12,A,18,24,80,RH01,2.401676147,2.680064324,600,11.49041809,612
13,A,20,24,80,RH01,2.345162288,2.802338308,2160,18.96192605,613
14,A,20,24,80,RH02,2.331368276,2.552729888,720,9.582009824,614
15,A,18,24,80,RH03,2.417930295,2.461774814,1440,1.762863222,615
16,A,17,24,80,RH01,2.395138749,2.37711747,1080,-0.710386598,616
17,A,20,24,80,RH02,2.352014576,2.477009286,1080,5.296288639,617
18,A,20,24,80,RH02,2.430373434,2.317605045,2880,-4.84708382,618
19,A,3,24,56,RH03,2.453868814,2.641405939,2880,7.688628329,619
20,A,3,24,56,RH03,2.409343342,2.754758787,2880,14.26840964,620
21,A,2,24,33,RH04,2.415255365,2.892164809,2160,20.13946772,621
22,A,2,24,33,RH04,2.404683132,2.398545359,180,-0.088339362,622
23,A,1,24,11,RH04,2.405005261,2.594193658,1080,7.900674781,623
24,A,1,24,11,RH04,2.408091108,2.425247296,1440,0.741782365,624
1,A,4,24,80,RH03,2.395412441,2.711449529,1080,12.91536942,625
2,A,18,24,80,RH03,2.417159206,2.611011054,4320,8.067179289,626
3,A,17,24,80,RH03,2.362170859,2.46597304,120,4.49933592,627
4,A,20,24,80,RH03,2.472446054,2.693344062,720,9.160522583,628
5,A,19,24,80,RH03,2.485394026,2.568628629,360,3.491150348,629
6,A,7,24,80,RH03,2.290910606,2.799673797,2880,21.49431108,630
7,A,4,24,80,RH02,2.450449753,2.561542196,2160,4.491125942,631
8,A,17,24,80,RH01,2.353997751,2.667401265,360,13.13616613,632
9,A,18,24,80,RH01,2.409421897,2.368065463,480,-1.597289923,633
10,A,20,24,80,RH01,2.389817313,2.291031719,180,-3.968710272,634
11,A,17,24,80,RH01,2.463894654,2.754786987,480,11.8285711,635
12,A,18,24,80,RH01,2.380497247,2.940328821,5040,23.26338916,636
13,A,20,24,80,RH01,2.447943461,2.602978762,2160,6.428318434,637
14,A,20,24,80,RH02,2.418617476,2.199905606,180,-9.177889538,638
15,A,18,24,80,RH03,2.381774384,2.875285966,4320,20.42320022,639
16,A,17,24,80,RH01,2.386567629,2.568345347,720,7.65863382,640
17,A,20,24,80,RH02,2.474873172,2.94072749,2880,19.30212723,641
18,A,20,24,80,RH02,2.376284355,2.639878848,2880,10.94092608,642
19,A,3,24,56,RH03,2.39587004,2.949468407,4320,22.90643161,643
20,A,3,24,56,RH03,2.417890666,2.358420651,720,-2.560797558,644
21,A,2,24,33,RH04,2.492762964,3.052204248,2160,23.25110978,645
22,A,2,24,33,RH04,2.440857706,2.698512783,30,10.80415728,646
23,A,1,24,11,RH04,2.368163917,2.276972478,1080,-3.549320253,647
24,A,1,24,11,RH04,2.331866409,2.194489689,1440,-5.408451559,648
1,A,4,24,80,RH03,2.456331751,2.821545093,2880,14.95083115,649
2,A,18,24,80,RH03,2.359558773,2.472528991,2160,4.721676811,650
3,A,17,24,80,RH03,2.425105376,2.436544904,480,0.473496632,651
4,A,20,24,80,RH03,2.445353037,2.800349962,2880,14.46972089,652
5,A,19,24,80,RH03,2.428861466,2.648658975,2880,9.169888229,653
6,A,7,24,80,RH03,2.402693881,2.315341906,480,-3.532528304,654
7,A,4,24,80,RH02,2.44296963,2.63770563,1080,8.180094853,655
8,A,17,24,80,RH01,2.411921708,2.562160275,720,5.959515788,656
9,A,18,24,80,RH01,2.370616168,2.689035155,2160,13.16939041,657
10,A,20,24,80,RH01,2.424122948,2.664645461,720,10.00506924,658
11,A,17,24,80,RH01,2.426396083,2.6218106,1440,8.146238215,659
12,A,18,24,80,RH01,2.409842751,2.417291851,360,0.314622967,660
13,A,20,24,80,RH01,2.489791924,2.942476819,2880,18.15786077,661
14,A,20,24,80,RH02,2.432031395,2.66696065,1440,9.755124773,662
15,A,18,24,80,RH03,2.369450172,2.740549064,2160,15.55032149,663
16,A,17,24,80,RH01,2.452158697,2.767741722,240,12.93118396,664
17,A,20,24,80,RH02,2.39857333,2.668655827,1080,10.99874807,665
18,A,20,24,80,RH02,2.433962314,2.93842389,2160,20.93020144,666
19,A,3,24,56,RH03,2.431540563,2.555959838,1080,4.937693088,667
20,A,3,24,56,RH03,2.3697119,2.811828734,720,18.54418391,668
21,A,2,24,33,RH04,2.408582209,2.766650552,2880,14.55443899,669
22,A,2,24,33,RH04,2.388779825,2.118776114,1080,-11.09940222,670
23,A,1,24,11,RH04,2.468941623,2.824149992,1440,14.52966711,671
24,B,1,24,11,RH04,2.382380764,2.332519181,1440,-2.235552057,672
1,B,4,24,80,RH03,2.492851543,2.844843805,2880,14.25131751,673
2,B,18,24,80,RH03,2.42294573,2.704801551,2880,11.70702138,674
3,B,17,24,80,RH03,2.428693745,2.811215762,3600,15.86485106,675
4,B,20,24,80,RH03,2.424990622,2.661704829,1440,9.580666993,676
5,B,19,24,80,RH03,2.408706033,2.567094387,1440,6.541474002,677
6,B,7,24,80,RH03,2.40103516,2.916529796,2880,21.37635246,678
7,B,4,24,80,RH02,2.445287987,2.610567199,1440,6.820295917,679
8,B,17,24,80,RH01,2.499687338,2.481172266,2160,-0.872192082,680
9,B,18,24,80,RH01,2.399055315,3.134200058,3600,30.5205638,681
10,B,20,24,80,RH01,2.412446013,2.83172023,720,17.46129123,682
11,B,17,24,80,RH01,2.393129369,2.566998791,1440,7.428619438,683
12,B,18,24,80,RH01,2.403238168,2.861267963,3600,18.94086368,684
13,B,20,24,80,RH01,2.428273817,2.384717143,240,-1.96734202,685
14,B,20,24,80,RH02,2.438442825,3.075990892,2160,26.39545445,686
15,B,18,24,80,RH03,2.467946354,2.404003357,720,-2.742669255,687
16,B,17,24,80,RH01,2.381465451,3.087633368,2160,29.39635453,688
17,B,20,24,80,RH02,2.467437572,2.901494646,6480,17.76211034,689
18,B,20,24,80,RH02,2.406780015,2.831673038,2160,17.67610135,690
19,B,3,24,56,RH03,2.420723873,2.627380579,480,8.573909457,691
20,B,3,24,56,RH03,2.486463581,2.720999668,240,9.576661159,692
21,B,2,24,33,RH04,2.425428966,2.463973537,720,1.259290812,693
22,B,2,24,33,RH04,2.398146121,2.780646842,4320,15.92161037,694
23,B,1,24,11,RH04,2.458838842,3.048016581,3600,24.40742989,695
24,B,1,24,11,RH04,2.371350131,2.46796603,360,4.01258311,696
1,B,4,24,80,RH03,2.374793908,2.178704997,720,-8.058148038,697
2,B,18,24,80,RH03,2.474240498,2.883816672,4320,16.97870617,698
3,B,17,24,80,RH03,2.392265419,2.317628044,1440,-3.095873243,699
4,B,20,24,80,RH03,2.358365652,2.320423667,2160,-1.504028299,700
5,B,19,24,80,RH03,2.465981688,2.456104653,2160,-0.623941274,701
6,B,7,24,80,RH03,2.438280145,2.702548724,60,10.70795739,702
7,B,4,24,80,RH02,2.404921981,2.878974006,5040,19.58728404,703
8,B,17,24,80,RH01,2.426140702,2.657648219,3600,9.504897261,704
9,B,18,24,80,RH01,2.460616985,2.783857683,90,13.24799976,705
10,B,20,24,80,RH01,2.435553796,2.6017133,180,6.666364205,706
11,B,17,24,80,RH01,2.382529457,2.400289482,1440,0.764986719,707
12,B,18,24,80,RH01,2.401312737,2.647931808,600,10.29413844,708
13,B,20,24,80,RH01,2.417060148,2.750267793,120,13.60633556,709
14,B,20,24,80,RH02,2.450446341,2.808662603,2880,14.9355729,710
15,B,18,24,80,RH03,2.454214402,3.016999794,2880,23.19708899,711
16,B,17,24,80,RH01,2.456010108,2.842465616,300,15.72786658,712
17,B,20,24,80,RH02,2.433941773,2.903204151,5040,19.27735174,713
18,B,20,24,80,RH02,2.375035942,2.383916831,720,0.594480284,714
19,B,3,24,56,RH03,2.415193489,2.633925924,600,9.154051506,715
20,B,3,24,56,RH03,2.461631394,2.791150912,1080,13.52478811,716
21,B,2,24,33,RH04,2.430958689,2.473270913,2880,1.623085046,717
22,B,2,24,33,RH04,2.446719015,2.548515959,2880,4.161342867,718
23,B,1,24,11,RH04,2.39801463,2.857741645,90,19.01012179,719
24,B,1,24,11,RH04,2.417975074,2.549106026,2880,5.370352973,720
1,B,4,24,80,RH03,2.481308975,2.688708574,1080,8.459900465,721
2,B,18,24,80,RH03,2.44138445,2.928130953,2880,19.98433356,722
3,B,17,24,80,RH03,2.408536878,2.867181182,3600,18.96725346,723
4,B,20,24,80,RH03,2.424667294,2.538479761,1440,4.911560471,724
5,B,19,24,80,RH03,2.424666973,2.412914648,600,-0.5362319,725
6,B,7,24,80,RH03,2.488701347,3.33153876,2160,34.66876534,726
7,B,4,24,80,RH02,2.472978466,2.666504769,300,7.899507971,727
8,B,17,24,80,RH01,2.459537913,2.646688911,1080,7.526902668,728
9,B,18,24,80,RH01,2.384551004,2.535653786,360,6.402010975,729
10,B,20,24,80,RH01,2.389997101,2.764824976,5040,15.68906491,730
11,B,17,24,80,RH01,2.412712057,2.600638494,3600,7.844258573,731
12,B,18,24,80,RH01,2.43406008,2.870154066,4320,18.07494835,732
13,B,20,24,80,RH01,2.452249706,2.831719365,3600,15.4903687,733
14,B,20,24,80,RH02,2.465731307,2.421517614,600,-1.713999538,734
15,B,18,24,80,RH03,2.408884432,2.840086446,5040,17.84163127,735
16,B,17,24,80,RH01,2.452988546,2.401908367,360,-2.160192981,736
17,B,20,24,80,RH02,2.334895386,2.85656833,2880,21.56223063,737
18,B,20,24,80,RH02,2.379548097,2.889402855,4320,21.2466694,738
19,B,3,24,56,RH03,2.403210835,2.468268046,1080,2.887854228,739
20,B,3,24,56,RH03,2.377903042,2.585821739,480,8.551606518,740
21,B,2,24,33,RH04,2.49257092,2.264237133,2160,-9.865187905,741
22,B,2,24,33,RH04,2.427888402,3.063796343,5040,26.15454283,742
23,B,1,24,11,RH04,2.394311927,2.621159141,240,9.603462209,743
24,B,1,24,11,RH04,2.406836984,2.914508318,2880,20.92229492,744
1,B,4,24,80,RH03,2.478639069,2.82766075,2880,14.1851367,745
2,B,18,24,80,RH03,2.371962305,2.735542623,4320,15.37610261,746
3,B,17,24,80,RH03,2.44516881,2.451214507,480,0.396401422,747
4,B,20,24,80,RH03,2.447821752,2.50711663,480,2.578319127,748
5,B,19,24,80,RH03,2.457228298,2.850174354,2880,16.03441391,749
6,B,7,24,80,RH03,2.391757508,2.520227882,300,5.238618283,750
7,B,4,24,80,RH02,2.379346756,2.69378262,720,13.2647617,751
8,B,17,24,80,RH01,2.346720797,2.451010784,15,4.587033078,752
9,B,18,24,80,RH01,2.456745028,2.623995036,5,6.835076618,753
10,B,20,24,80,RH01,2.407631322,2.553604252,360,6.05617612,754
11,B,17,24,80,RH01,2.369256735,2.698248649,2880,13.58644239,755
12,B,18,24,80,RH01,2.418969738,2.58231732,720,6.778678254,756
13,B,20,24,80,RH01,2.331805248,2.219439117,1440,-4.345420181,757
14,B,20,24,80,RH02,2.448487619,2.667960437,1080,8.858560596,758
15,B,18,24,80,RH03,2.432742988,2.547529844,1440,4.848814607,759
16,B,17,24,80,RH01,2.448462805,2.453487768,600,0.245953846,760
17,B,20,24,80,RH02,2.42646104,2.541972429,3600,4.994815195,761
18,B,20,24,80,RH02,2.408327947,2.358352799,2160,-2.064842122,762
19,B,3,24,56,RH03,2.39446934,2.787327308,1440,16.18217551,763
20,B,3,24,56,RH03,2.404839297,2.548940847,360,5.967950211,764
21,B,2,24,33,RH04,2.422087752,2.617236555,300,8.123289527,765
22,B,2,24,33,RH04,2.45113077,2.408697554,90,-1.966742163,766
23,B,1,24,11,RH04,2.34421579,2.468907451,600,5.284679885,767
24,B,1,24,11,RH04,2.384962006,2.37516973,2160,-0.560420673,768
1,B,4,24,80,RH03,2.366581062,2.644249788,2160,11.60976049,769
2,B,18,24,80,RH03,2.508106574,2.543288282,600,1.190000474,770
3,B,17,24,80,RH03,2.451775182,2.713931623,3600,10.63886626,771
4,B,20,24,80,RH03,2.378769552,2.116818302,1080,-10.62377521,772
5,B,19,24,80,RH03,2.515492617,2.670759418,180,6.043263254,773
6,B,7,24,80,RH03,2.456862325,2.646513116,720,7.823884288,774
7,B,4,24,80,RH02,2.373245982,2.256202734,240,-4.809469623,775
8,B,17,24,80,RH01,2.371104156,2.428403156,1440,2.571673831,776
9,B,18,24,80,RH01,2.429394938,2.621245153,1080,7.680952591,777
10,B,20,24,80,RH01,2.411093694,2.984441724,2880,23.84015669,778
11,B,17,24,80,RH01,2.459821731,2.351998617,1080,-4.596055229,779
12,B,18,24,80,RH01,2.397593529,2.590665514,1440,7.830677019,780
13,B,20,24,80,RH01,2.428931175,2.833336879,1440,16.99079626,781
14,B,20,24,80,RH02,2.436955938,2.664392855,2160,9.348970511,782
15,B,18,24,80,RH03,2.438848825,2.698233983,90,10.6920762,783
16,B,17,24,80,RH01,2.435884139,2.638145999,1080,8.25726344,784
17,B,20,24,80,RH02,2.488075944,2.878850228,2880,16.09864763,785
18,B,20,24,80,RH02,2.466375055,2.768388818,1440,12.41091706,786
19,B,3,24,56,RH03,2.431013352,3.130533431,4320,28.94217007,787
20,B,3,24,56,RH03,2.370413965,2.464761234,600,4.084061545,788
21,B,2,24,33,RH04,2.354070335,2.85825713,1440,21.11593142,789
22,B,2,24,33,RH04,2.330199283,2.9031936,2880,24.11141095,790
23,B,1,24,11,RH04,2.439313275,2.574788208,1440,5.809584891,791
24,B,1,24,11,RH04,2.397776564,2.789183887,720,16.32215856,792
1,B,4,24,80,RH03,2.394803853,2.536672939,240,5.815819885,793
2,B,18,24,80,RH03,2.423851585,2.747027601,1080,13.3751383,794
3,B,17,24,80,RH03,2.431899073,2.735430196,1440,12.50212261,795
4,B,20,24,80,RH03,2.354282803,2.819769277,2160,19.50862479,796
5,B,19,24,80,RH03,2.411309284,2.842813251,1440,17.79301592,797
6,B,7,24,80,RH03,2.408626173,3.023416232,2160,25.37314695,798
7,B,4,24,80,RH02,2.433436883,2.46659577,1440,1.101971311,799
8,B,17,24,80,RH01,2.402748869,2.572645501,3600,7.062078385,800
9,B,18,24,80,RH01,2.48851143,2.867248245,1440,15.36842278,801
10,B,20,24,80,RH01,2.414656507,2.846334441,1440,17.95591024,802
11,B,17,24,80,RH01,2.419394701,2.850637069,2880,17.55336951,803
12,B,18,24,80,RH01,2.436499381,2.399776449,720,-1.494538318,804
13,B,20,24,80,RH01,2.404820345,2.482497293,4320,3.415375854,805
14,B,20,24,80,RH02,2.375079292,2.457706026,2160,3.492575417,806
15,B,18,24,80,RH03,2.478411922,2.475037566,720,-0.306128377,807
16,B,17,24,80,RH01,2.438962063,2.710638189,5040,11.02450147,808
17,B,20,24,80,RH02,2.332665847,2.096791078,720,-9.572198466,809
18,B,20,24,80,RH02,2.432628359,2.436790211,2880,0.068340275,810
19,B,3,24,56,RH03,2.325591709,2.691394562,1440,15.52922683,811
20,B,3,24,56,RH03,2.429029439,2.921513582,1440,20.31146617,812
21,B,2,24,33,RH04,2.367988403,2.538367735,1080,7.092621908,813
22,B,2,24,33,RH04,2.394470349,2.598696119,600,8.367570837,814
23,B,1,24,11,RH04,2.40765047,2.669712164,3600,10.87730693,815
24,B,1,24,11,RH04,2.325839498,2.544032893,360,9.127019754,816
1,B,4,24,80,RH03,2.389977714,2.747737891,1440,14.83610482,817
2,B,18,24,80,RH03,2.45225761,2.364523359,600,-3.59366098,818
3,B,17,24,80,RH03,2.443358576,2.770545549,5040,13.59365507,819
4,B,20,24,80,RH03,2.414511211,2.436999208,2880,1.037058721,820
5,B,19,24,80,RH03,2.377568261,2.658010305,480,11.76345712,821
6,B,7,24,80,RH03,2.441833429,2.476437999,2160,1.220803198,822
7,B,4,24,80,RH02,2.374522077,2.485079585,1440,4.682184197,823
8,B,17,24,80,RH01,2.375899911,2.788292788,5040,17.14969966,824
9,B,18,24,80,RH01,2.392311533,2.572680434,2880,7.452654733,825
10,B,20,24,80,RH01,2.479896787,3.058165881,2880,23.90249017,826
11,B,17,24,80,RH01,2.485445032,2.549189353,2160,2.08810248,827
12,B,18,24,80,RH01,2.39271158,2.787841873,2880,16.30507136,828
13,B,20,24,80,RH01,2.408325032,2.96276663,1440,22.96291764,829
14,B,20,24,80,RH02,2.357401478,2.644239953,3600,12.26422524,830
15,B,18,24,80,RH03,2.4240842,2.733455744,2880,12.71370121,831
16,B,17,24,80,RH01,2.506442921,2.898624589,3600,16.07095821,832
17,B,20,24,80,RH02,2.409804008,2.547776063,1080,5.81742442,833
18,B,20,24,80,RH02,2.431635555,2.207274061,240,-9.289505878,834
19,B,3,24,56,RH03,2.409429905,2.917210703,4320,21.09570172,835
20,B,3,24,56,RH03,2.351410982,2.46366477,2160,4.947287913,836
21,B,2,24,33,RH04,2.436369689,2.783355018,3600,14.44259835,837
22,B,2,24,33,RH04,2.405441312,2.657700766,2880,10.48983905,838
23,B,1,24,11,RH04,2.382949573,2.982506637,2880,25.01599381,839
24,B,1,24,11,RH04,2.489056216,2.584643944,1440,3.980464667,840
1,B,4,24,80,RH03,2.430743628,2.566743068,5,5.714569324,841
2,B,18,24,80,RH03,2.431390459,2.508372806,2160,3.152342149,842
3,B,17,24,80,RH03,2.473452279,2.545918243,1080,2.878883992,843
4,B,20,24,80,RH03,2.382011463,2.715649602,90,13.7876666,844
5,B,19,24,80,RH03,2.400164214,2.821521102,4320,17.41894052,845
6,B,7,24,80,RH03,2.459040342,2.927829908,5760,19.38061152,846
7,B,4,24,80,RH02,2.39584116,2.714386112,1440,13.28834522,847
8,B,17,24,80,RH01,2.445160725,2.97989538,6480,22.09995552,848
9,B,18,24,80,RH01,2.426855725,2.623672404,2160,7.961694735,849
10,B,20,24,80,RH01,2.368167396,2.555341331,720,7.806548771,850
11,B,17,24,80,RH01,2.40905713,2.583839507,5040,7.353726229,851
12,B,18,24,80,RH01,2.379968466,2.772979898,4320,16.30016377,852
13,B,20,24,80,RH01,2.464613892,2.910626976,2880,18.42147974,853
14,B,20,24,80,RH02,2.39288674,3.044821586,5040,27.14707029,854
15,B,18,24,80,RH03,2.341798872,2.684668552,3600,14.39150217,855
16,B,17,24,80,RH01,2.405001987,2.979119485,2160,23.49105139,856
17,B,20,24,80,RH02,2.374283399,2.864632031,2160,20.60500253,857
18,B,20,24,80,RH02,2.347674457,2.473690246,480,5.523585718,858
19,B,3,24,56,RH03,2.404165078,2.839960399,6480,18.40154354,859
20,B,3,24,56,RH03,2.481596115,2.774633191,1080,11.98250168,860
21,B,2,24,33,RH04,2.412577076,2.812866718,1440,16.33154914,861
22,B,2,24,33,RH04,2.459500322,2.41987455,240,-1.745148364,862
23,B,1,24,11,RH04,2.449108922,2.636457582,2880,7.850243614,863
24,B,1,24,11,RH04,2.437544155,2.749412385,1440,12.86820135,864
1,B,4,24,80,RH03,2.399557339,2.392401732,1440,-0.459967426,865
2,B,18,24,80,RH03,2.379441353,2.767085342,1440,16.0518424,866
3,B,17,24,80,RH03,2.393752127,2.334561541,600,-2.425684785,867
4,B,20,24,80,RH03,2.372843415,2.612025307,1440,10.03495428,868
5,B,19,24,80,RH03,2.39283254,2.349245862,2880,-1.885737241,869
6,B,7,24,80,RH03,2.30849202,2.364565863,2160,2.690900087,870
7,B,4,24,80,RH02,2.347609815,2.107129857,2160,-9.906551373,871
8,B,17,24,80,RH01,2.454169095,3.050466384,2880,24.56272829,872
9,B,18,24,80,RH01,2.475775683,2.765817919,1080,11.73422286,873
10,B,20,24,80,RH01,2.414197023,2.517711396,1080,4.412429834,874
11,B,17,24,80,RH01,2.389213859,2.943345903,3600,22.75091658,875
12,B,18,24,80,RH01,2.451410073,2.393857972,480,-2.4584765,876
13,B,20,24,80,RH01,2.390420359,2.519469137,1440,5.409418672,877
14,B,20,24,80,RH02,2.446563796,2.520066077,2160,2.786656328,878
15,B,18,24,80,RH03,2.416147321,2.870575672,4320,18.5141164,879
16,B,17,24,80,RH01,2.399894788,3.083694701,4320,28.37297322,880
17,B,20,24,80,RH02,2.381217956,2.513804507,180,5.686261826,881
18,B,20,24,80,RH02,2.376303407,2.824908889,2160,18.48196931,882
19,B,3,24,56,RH03,2.42692229,2.83760465,5760,16.91174849,883
20,B,3,24,56,RH03,2.45116583,2.299803032,360,-6.391846091,884
21,B,2,24,33,RH04,2.459445218,3.137656879,3600,28.0116955,885
22,B,2,24,33,RH04,2.437958528,2.601236455,600,6.906569726,886
23,B,1,24,11,RH04,2.385696901,2.397266977,480,0.605986365,887
24,B,1,24,11,RH04,2.454460484,3.087690594,1440,25.74093998,888
1,B,4,24,80,RH03,2.468359145,2.834789409,720,15.14402259,889
2,B,18,24,80,RH03,2.44728114,2.65054474,1440,8.219975159,890
3,B,17,24,80,RH03,2.373412696,2.6003596,2160,9.353168251,891
4,B,20,24,80,RH03,2.405180523,2.453698921,45,2.150590211,892
5,B,19,24,80,RH03,2.380645209,2.766393061,4320,16.12742026,893
6,B,7,24,80,RH03,2.423268443,2.446238731,300,1.010271891,894
7,B,4,24,80,RH02,2.399616458,2.884946,3600,20.23499714,895
8,B,17,24,80,RH01,2.408748746,2.493237751,2160,3.536673789,896
9,B,18,24,80,RH01,2.428311161,2.698773085,2880,11.05958725,897
10,B,20,24,80,RH01,2.438173652,2.922308441,5760,20.04012409,898
11,B,17,24,80,RH01,2.407783304,2.51722939,1440,4.70146298,899
12,B,18,24,80,RH01,2.395485359,2.541467925,1080,6.118410938,900
13,B,20,24,80,RH01,2.391406704,2.721029808,2160,13.64151609,901
14,B,20,24,80,RH02,2.384713813,2.491030815,2160,4.384986056,902
15,B,18,24,80,RH03,2.448466237,2.71703194,90,10.99944379,903
16,B,17,24,80,RH01,2.438380615,3.302976092,2880,35.78787867,904
17,B,20,24,80,RH02,2.505727311,2.512172238,720,0.148719389,905
18,B,20,24,80,RH02,2.332829597,2.635893227,1080,12.80630869,906
19,B,3,24,56,RH03,2.415494776,2.849790988,4320,17.93475931,907
20,B,3,24,56,RH03,2.466709855,2.823942275,2880,14.65120812,908
21,B,2,24,33,RH04,2.442004518,2.77411824,2880,13.67564159,909
22,B,2,24,33,RH04,2.445844227,2.258191415,1080,-7.895857071,910
23,B,1,24,11,RH04,2.409348586,2.905663136,3600,20.81683695,911
24,B,1,24,11,RH04,2.440181444,2.664941443,180,8.998554995,912
1,B,4,24,80,RH03,2.490839591,2.855114666,2880,14.90383103,913
2,B,18,24,80,RH03,2.416364333,2.553388961,480,5.736777768,914
3,B,17,24,80,RH03,2.471181312,2.632219801,1080,6.568584461,915
4,B,20,24,80,RH03,2.375902217,2.615408926,2160,10.10975485,916
5,B,19,24,80,RH03,2.421877845,2.350274395,720,-2.947847395,917
6,B,7,24,80,RH03,2.45518887,2.781298119,5040,13.31275236,918
7,B,4,24,80,RH02,2.419724203,2.475990442,720,2.3773757,919
8,B,17,24,80,RH01,2.45845691,2.639308478,300,7.654214342,920
9,B,18,24,80,RH01,2.438648093,2.537805665,480,4.025042714,921
10,B,20,24,80,RH01,2.450432906,2.819039921,2880,15.36867719,922
11,B,17,24,80,RH01,2.380289895,2.468323059,2160,3.846905347,923
12,B,18,24,80,RH01,2.387211201,2.593876058,480,8.488835392,924
13,B,20,24,80,RH01,2.453180091,2.731727252,1440,11.45967953,925
14,B,20,24,80,RH02,2.400700673,2.667140858,4320,11.16309026,926
15,B,18,24,80,RH03,2.494277318,2.856952162,180,14.75246968,927
16,B,17,24,80,RH01,2.423356435,2.681563101,2880,10.72900817,928
17,B,20,24,80,RH02,2.441991858,2.749709998,720,12.42972293,929
18,B,20,24,80,RH02,2.378897917,2.814157241,3600,17.90222299,930
19,B,3,24,56,RH03,2.406321709,2.772523832,480,14.84668088,931
20,B,3,24,56,RH03,2.333841088,2.40803123,240,3.492351264,932
21,B,2,24,33,RH04,2.405893921,2.414311048,600,0.343432813,933
22,B,2,24,33,RH04,2.375556813,2.631234435,2880,10.64587419,934
23,B,1,24,11,RH04,2.378578604,2.843570169,2880,19.31869675,935
24,B,1,24,11,RH04,2.418652489,3.175157966,4320,31.22451261,936
1,B,4,24,80,RH03,2.410831293,2.555503528,1440,5.981496629,937
2,B,18,24,80,RH03,2.442104665,2.977310104,5760,21.94433637,938
3,B,17,24,80,RH03,2.452064023,2.478920275,90,0.901751256,939
4,B,20,24,80,RH03,2.372291387,2.83960872,480,19.50390419,940
5,B,19,24,80,RH03,2.435176113,2.488907863,1080,2.070430047,941
6,B,7,24,80,RH03,2.493208678,2.871194692,1080,15.44379883,942
7,B,4,24,80,RH02,2.404713766,2.469028934,1440,2.631002261,943
8,B,17,24,80,RH01,2.355261159,2.449036952,240,3.933372255,944
9,B,18,24,80,RH01,2.408851761,2.772900867,2880,15.1174558,945
10,B,20,24,80,RH01,2.464169051,2.580574265,2880,4.894357665,946
11,B,17,24,80,RH01,2.402885654,2.51888935,600,5.061214528,947
12,B,18,24,80,RH01,2.341152017,2.669228325,1440,13.70513569,948
13,B,20,24,80,RH01,2.484512829,2.946805405,2880,19.08282826,949
14,B,20,24,80,RH02,2.470246424,2.778562091,1440,12.85860594,950
15,B,18,24,80,RH03,2.4307972,2.918692886,2160,20.27769379,951
16,B,17,24,80,RH01,2.448274417,2.766865835,45,13.23324405,952
17,B,20,24,80,RH02,2.391107092,2.460479811,360,2.864085851,953
18,B,20,24,80,RH02,2.424396221,2.709187461,3600,11.87727428,954
19,B,3,24,56,RH03,2.440251574,2.478848571,60,1.525467261,955
20,B,3,24,56,RH03,2.446425008,2.893792857,2880,18.41853116,956
21,B,2,24,33,RH04,2.468469922,2.585235888,60,4.830958962,957
22,B,2,24,33,RH04,2.471563645,2.366775142,120,-4.527722634,958
23,B,1,24,11,RH04,2.456677067,2.644410063,600,7.82932696,959
24,B,1,24,11,RH04,2.400772519,2.78747208,3600,15.90105566,960
1,B,4,24,80,RH03,2.367542805,2.395087842,480,1.244350798,961
2,B,18,24,80,RH03,2.418493889,2.766743506,720,14.40112488,962
3,B,17,24,80,RH03,2.391517459,2.597378464,2160,8.589382202,963
4,B,20,24,80,RH03,2.415447084,2.775511226,3600,14.89715162,964
5,B,19,24,80,RH03,2.462194401,3.075193224,2160,25.20639126,965
6,B,7,24,80,RH03,2.361960465,2.469047436,1080,4.410363649,966
7,B,4,24,80,RH02,2.406759329,2.820125484,1440,17.20714623,967
8,B,17,24,80,RH01,2.364596293,2.608350442,1080,9.966541092,968
9,B,18,24,80,RH01,2.502253549,3.028483277,2160,21.70248102,969
10,B,20,24,80,RH01,2.380800138,2.639409494,2160,10.89897819,970
11,B,17,24,80,RH01,2.430419082,2.459028324,1080,1.342952088,971
12,B,18,24,80,RH01,2.356001632,2.202013833,240,-6.16770294,972
13,B,20,24,80,RH01,2.379773064,2.724397288,360,14.13966857,973
14,B,20,24,80,RH02,2.469610221,2.647054253,2880,7.262889861,974
15,B,18,24,80,RH03,2.4427546,2.493304992,360,1.818427815,975
16,B,17,24,80,RH01,2.385935819,2.536013119,3600,6.29282481,976
17,B,20,24,80,RH02,2.487090012,2.85764846,2160,15.35762679,977
18,B,20,24,80,RH02,2.36330731,2.578350971,1440,9.07151541,978
19,B,3,24,56,RH03,2.491983819,2.685370128,5,7.862995321,979
20,B,3,24,56,RH03,2.364958335,2.2216455,2160,-5.948740045,980
21,B,2,24,33,RH04,2.355228937,2.949259766,2880,24.69484063,981
22,B,2,24,33,RH04,2.472848564,2.994617236,1080,21.51815514,982
23,B,1,24,11,RH04,2.434394294,2.156619316,480,-11.35426035,983
24,B,1,24,11,RH04,2.365442467,2.280260823,3600,-3.551938286,984
1,B,4,24,80,RH03,2.436787359,2.604909331,480,6.830059269,985
2,B,18,24,80,RH03,2.387076021,2.484326454,1080,4.170672161,986
3,B,17,24,80,RH03,2.412365959,2.877553348,2160,19.24995254,987
4,B,20,24,80,RH03,2.395544597,2.688539118,3600,12.29226705,988
5,B,19,24,80,RH03,2.396030193,2.597738691,1080,8.197539132,989
6,B,7,24,80,RH03,2.379089644,2.514528239,1440,5.727234649,990
7,B,4,24,80,RH02,2.407933711,2.587833732,1440,7.44373831,991
8,B,17,24,80,RH01,2.407951871,2.640446484,180,9.775421674,992
9,B,18,24,80,RH01,2.393194694,2.6617626,1080,11.15621315,993
10,B,20,24,80,RH01,2.453186926,2.728177383,3600,11.40097227,994
11,B,17,24,80,RH01,2.492796189,2.803822883,480,12.89136222,995
12,B,18,24,80,RH01,2.381857598,2.421295789,1440,1.434683451,996
13,B,20,24,80,RH01,2.381899467,2.415791379,600,1.592927658,997
14,B,20,24,80,RH02,2.417551633,2.781537532,1440,15.15971121,998
15,B,18,24,80,RH03,2.428113815,2.23766858,240,-7.933523396,999
16,B,17,24,80,RH01,2.507586814,2.716353026,360,8.213819981,1000
17,B,20,24,80,RH02,2.386900111,2.670764824,1080,11.73237986,1001
18,B,20,24,80,RH02,2.44376281,2.833402726,720,16.14799047,1002
19,B,3,24,56,RH03,2.452065296,2.99856393,2880,22.63203934,1003
20,B,3,24,56,RH03,2.32962773,2.355744003,240,1.160761555,1004
21,B,2,24,33,RH04,2.474020495,2.915827201,2160,18.14958359,1005
22,B,2,24,33,RH04,2.439522707,2.531725938,30,3.843925107,1006
23,B,1,24,11,RH04,2.42071161,2.508036262,1440,3.637199444,1007
24,B,1,24,11,RH04,2.35714388,2.654087965,1080,12.47909518,1008
1,B,4,24,80,RH03,2.378918738,2.279951682,1440,-4.027718817,1009
2,B,18,24,80,RH03,2.434355449,2.679275822,3600,10.0423294,1010
3,B,17,24,80,RH03,2.423582023,2.747507171,3600,13.24333622,1011
4,B,20,24,80,RH03,2.441925722,2.520657262,2880,3.181395928,1012
5,B,19,24,80,RH03,2.418195238,2.417108118,720,-0.065614761,1013
6,B,7,24,80,RH03,2.362120821,2.455711574,720,4.028528023,1014
7,B,4,24,80,RH02,2.448395075,2.727279397,300,11.36266512,1015
8,B,17,24,80,RH01,2.448948372,2.666750776,3600,8.883550921,1016
9,B,18,24,80,RH01,2.444342377,2.748897179,1440,12.61483667,1017
10,B,20,24,80,RH01,2.427002144,2.713322065,1080,11.70616756,1018
11,B,17,24,80,RH01,2.462981947,2.468960794,2160,-0.030033562,1019
12,B,18,24,80,RH01,2.516145264,3.288334901,5040,31.67076083,1020
13,B,20,24,80,RH01,2.420537939,2.876449529,4320,19.01393366,1021
14,B,20,24,80,RH02,2.46086679,2.801944398,3600,14.09623786,1022
15,B,18,24,80,RH03,2.346562416,2.382630601,2160,1.628465268,1023
16,B,17,24,80,RH01,2.444035337,3.095639839,2160,26.98242225,1024
17,B,20,24,80,RH02,2.378105917,2.481099209,1440,4.401214973,1025
18,B,20,24,80,RH02,2.439062093,2.743679198,1080,12.44816024,1026
19,B,3,24,56,RH03,2.483271323,2.817786728,2880,13.66068742,1027
20,B,3,24,56,RH03,2.431835936,2.60358569,1080,7.175262947,1028
21,B,2,24,33,RH04,2.429072672,2.561405062,2160,5.111788805,1029
22,B,2,24,33,RH04,2.449777777,2.592115263,3600,5.714916242,1030
23,B,1,24,11,RH04,2.44617348,2.600501566,2160,6.16451687,1031
24,B,1,24,11,RH04,2.375460604,2.656371421,2160,11.75110861,1032
1,B,4,24,80,RH03,2.370256114,2.32483042,2880,-1.673481068,1033
2,B,18,24,80,RH03,2.472720902,2.731666677,2160,10.55560759,1034
3,B,17,24,80,RH03,2.423662747,2.831480244,3600,17.08883122,1035
4,B,20,24,80,RH03,2.414323561,2.821478292,2880,16.80711175,1036
5,B,19,24,80,RH03,2.391663046,2.627709018,2160,10.01512995,1037
6,B,7,24,80,RH03,2.41598927,2.411103039,360,-0.306683374,1038
7,B,4,24,80,RH02,2.470709671,2.781155796,2160,12.8418363,1039
8,B,17,24,80,RH01,2.423616202,3.028592299,3600,24.5845488,1040
9,B,18,24,80,RH01,2.477653007,2.734782425,3600,10.64816967,1041
10,B,20,24,80,RH01,2.35540575,2.765409764,720,16.84093515,1042
11,B,17,24,80,RH01,2.432354506,3.075296119,2880,26.50255075,1043
12,B,18,24,80,RH01,2.466846993,2.873456621,4320,16.74376907,1044
13,B,20,24,80,RH01,2.432710241,2.939861298,4320,20.80185551,1045
14,B,20,24,80,RH02,2.435504135,3.381687932,5760,39.13974599,1046
15,B,18,24,80,RH03,2.410631515,2.750733045,2160,14.29532519,1047
16,B,17,24,80,RH01,2.349471135,2.288226109,360,-2.266004413,1048
17,B,20,24,80,RH02,2.376965863,2.605673428,4320,9.572030419,1049
18,B,20,24,80,RH02,2.373281577,2.461804384,1080,3.66296043,1050
19,B,3,24,56,RH03,2.385094123,2.696196315,720,13.08219268,1051
20,B,3,24,56,RH03,2.439897201,2.627426561,600,7.538203307,1052
21,B,2,24,33,RH04,2.443755216,2.692064528,2880,10.13249221,1053
22,B,2,24,33,RH04,2.420316915,2.378165606,2160,-2.174185503,1054
23,B,1,24,11,RH04,2.416963882,2.835781875,2880,17.25362865,1055
24,B,1,24,11,RH04,2.359951235,2.436014182,1080,3.305756074,1056
1,B,4,24,80,RH03,2.467600301,2.672918794,60,8.291044329,1057
2,B,18,24,80,RH03,2.359111016,2.418016452,1080,2.486898978,1058
3,B,17,24,80,RH03,2.422117234,2.358668503,2160,-2.776130147,1059
4,B,20,24,80,RH03,2.355734745,2.745668792,1440,16.397534,1060
5,B,19,24,80,RH03,2.486010011,3.011231084,3600,21.55269608,1061
6,B,7,24,80,RH03,2.424208544,2.956557368,3600,21.97366181,1062
7,B,4,24,80,RH02,2.466982861,2.813541565,1080,14.37081872,1063
8,B,17,24,80,RH01,2.481908796,2.98265252,5040,20.63980053,1064
9,B,18,24,80,RH01,2.479113929,3.010966657,4320,21.77561621,1065
10,B,20,24,80,RH01,2.355045001,2.793601718,5040,18.39908138,1066
11,B,17,24,80,RH01,2.418912218,2.622712286,1080,8.284294913,1067
12,B,18,24,80,RH01,2.444895062,2.495522189,600,1.996301555,1068
13,B,20,24,80,RH01,2.469936888,2.473871841,1080,0.165661367,1069
14,B,20,24,80,RH02,2.461659933,2.732384729,1440,10.9406896,1070
15,B,18,24,80,RH03,2.399640648,2.619934605,1080,9.014531774,1071
16,B,17,24,80,RH01,2.461154641,2.756471703,2880,12.12193503,1072
17,B,20,24,80,RH02,2.401284634,2.664393704,2880,10.83390068,1073
18,B,20,24,80,RH02,2.40084372,2.590197733,480,7.904985056,1074
19,B,3,24,56,RH03,2.343265897,2.826932485,1440,20.30538096,1075
20,B,3,24,56,RH03,2.446428326,3.167215526,5760,29.78254957,1076
21,B,2,24,33,RH04,2.426320783,2.530031555,1440,4.23064512,1077
22,B,2,24,33,RH04,2.423434325,2.318284279,240,-4.222549663,1078
23,B,1,24,11,RH04,2.393737286,2.524623589,300,5.443822531,1079
24,B,1,24,11,RH04,2.418471432,2.612120477,480,8.051070552,1080
1,B,4,24,80,RH03,2.456200623,2.633976903,2160,7.519558706,1081
2,B,18,24,80,RH03,2.361828529,2.363810904,120,0.273315982,1082
3,B,17,24,80,RH03,2.337781764,2.516838232,720,7.596058239,1083
4,B,20,24,80,RH03,2.324451421,2.641716555,2880,13.1644722,1084
5,B,19,24,80,RH03,2.418018163,2.424712165,1440,0.215969006,1085
6,B,7,24,80,RH03,2.430496156,2.967868518,2160,22.11175805,1086
7,B,4,24,80,RH02,2.427413371,2.31351701,2160,-4.939605544,1087
8,B,17,24,80,RH01,2.357088258,2.394832493,1080,1.652205391,1088
9,B,18,24,80,RH01,2.470574273,2.80185609,2160,13.5416098,1089
10,B,20,24,80,RH01,2.421578213,2.660540893,180,9.759268231,1090
11,B,17,24,80,RH01,2.416471641,2.573794588,720,6.571680663,1091
12,B,18,24,80,RH01,2.382244789,2.52811525,480,6.007720807,1092
13,B,20,24,80,RH01,2.441821628,2.974294667,2880,21.97496313,1093
14,B,20,24,80,RH02,2.420743404,2.713390747,2160,12.0286013,1094
15,B,18,24,80,RH03,2.41492825,2.856126272,4320,18.35039869,1095
16,B,17,24,80,RH01,2.417761373,2.271674325,480,-6.171380849,1096
17,B,20,24,80,RH02,2.397132294,2.895473031,2880,20.56001588,1097
18,B,20,24,80,RH02,2.435949943,2.677995188,300,9.984451003,1098
19,B,3,24,56,RH03,2.443076278,2.738627971,3600,12.14276512,1099
20,B,3,24,56,RH03,2.420828504,2.373577262,1080,-1.918749022,1100
21,B,2,24,33,RH04,2.378777257,2.337514894,480,-1.534977312,1101
22,B,2,24,33,RH04,2.404011326,2.393828278,360,-0.285903361,1102
23,B,1,24,11,RH04,2.410521491,2.667626736,600,10.58922635,1103
24,B,1,24,11,RH04,2.381354924,2.768808251,3600,16.20098107,1104
1,B,4,24,80,RH03,2.449798023,2.538154438,480,3.514373871,1105
2,B,18,24,80,RH03,2.40878734,2.467764938,2880,2.448248451,1106
3,B,17,24,80,RH03,2.479440989,2.824728198,1080,14.16426589,1107
4,B,20,24,80,RH03,2.428310655,2.714174392,45,11.58244106,1108
5,B,19,24,80,RH03,2.434354751,3.175631397,6480,30.34787035,1109
6,B,7,24,80,RH03,2.410763822,2.716315872,1080,12.6913062,1110
7,B,4,24,80,RH02,2.355950438,2.294350044,720,-2.449595526,1111
8,B,17,24,80,RH01,2.400479586,2.346834588,1080,-2.238928356,1112
9,B,18,24,80,RH01,2.478240307,2.748285422,480,11.1298945,1113
10,B,20,24,80,RH01,2.406278827,2.631466055,120,9.521160647,1114
11,B,17,24,80,RH01,2.41317179,2.474363255,2160,2.61741579,1115
12,B,18,24,80,RH01,2.336267172,2.308401822,720,-1.051962927,1116
13,B,20,24,80,RH01,2.398829825,2.704650125,240,12.52527889,1117
14,B,20,24,80,RH02,2.409149724,2.599292369,180,8.013828921,1118
15,B,18,24,80,RH03,2.39862943,2.692936744,1440,12.19919643,1119
16,B,17,24,80,RH01,2.463111572,2.894234011,1440,17.83247902,1120
17,B,20,24,80,RH02,2.39380091,2.165692897,600,-9.449206928,1121
18,B,20,24,80,RH02,2.410729796,2.77482651,5760,15.01580908,1122
19,B,3,24,56,RH03,2.396156761,2.874583721,3600,19.5876968,1123
20,B,3,24,56,RH03,2.430866642,2.76200455,2160,13.61187704,1124
21,B,2,24,33,RH04,2.410604153,2.386594086,90,-1.091230993,1125
22,B,2,24,33,RH04,2.520890051,2.656391561,720,5.318285676,1126
23,B,1,24,11,RH04,2.395379273,2.992244582,3600,24.82883692,1127
24,B,1,24,11,RH04,2.408431416,3.061912812,4320,27.0689799,1128
1,B,4,24,80,RH03,2.44128912,2.468623739,1440,1.190574034,1129
2,B,18,24,80,RH03,2.432695128,2.396087962,360,-1.684284599,1130
3,B,17,24,80,RH03,2.435940902,2.514909439,1080,3.217125148,1131
4,B,20,24,80,RH03,2.379106057,2.664894725,1080,11.93168813,1132
5,B,19,24,80,RH03,2.443366771,2.721882565,1080,11.55463584,1133
6,B,7,24,80,RH03,2.422208885,2.978722435,5040,23.18634006,1134
7,B,4,24,80,RH02,2.391468521,2.87154883,5040,19.90281252,1135
8,B,17,24,80,RH01,2.459547643,2.888105594,4320,17.8319454,1136
9,B,18,24,80,RH01,2.396580792,2.979692579,4320,24.32413248,1137
10,B,20,24,80,RH01,2.37956812,3.182026978,2880,33.21691819,1138
11,B,17,24,80,RH01,2.492827419,2.433477374,5,-2.646588536,1139
12,B,18,24,80,RH01,2.454389413,2.8515225,4320,16.33086293,1140
13,B,20,24,80,RH01,2.394788074,2.743519023,2880,14.58413484,1141
14,B,20,24,80,RH02,2.392831621,2.228423521,1080,-6.906226165,1142
15,B,18,24,80,RH03,2.380895305,2.626380565,1080,10.33254333,1143
16,B,17,24,80,RH01,2.372468444,2.681291375,720,12.69889525,1144
17,B,20,24,80,RH02,2.400774725,2.399474311,60,-0.243687026,1145
18,B,20,24,80,RH02,2.438482903,2.85056754,240,16.95793489,1146
19,B,3,24,56,RH03,2.445918802,3.013552192,2880,23.35618597,1147
20,B,3,24,56,RH03,2.440521644,2.972265767,2160,21.9846501,1148
21,B,2,24,33,RH04,2.406287913,2.661541913,2160,10.72646582,1149
22,B,2,24,33,RH04,2.510132836,2.305620346,1080,-8.71921561,1150
23,B,1,24,11,RH04,2.430163202,2.494172672,3600,2.465745308,1151
24,B,1,24,11,RH04,2.422986247,2.714409242,1440,11.94242254,1152
1,B,4,24,80,RH03,2.352841429,2.384251007,2880,1.473396835,1153
2,B,18,24,80,RH03,2.420303001,2.861487546,3600,18.41821985,1154
3,B,17,24,80,RH03,2.40943796,2.599160569,300,7.84692021,1155
4,B,20,24,80,RH03,2.39623276,2.526244161,720,5.375849602,1156
5,B,19,24,80,RH03,2.410772369,2.855792388,4320,18.25508617,1157
6,B,7,24,80,RH03,2.346088494,2.066269677,480,-11.460393,1158
7,B,4,24,80,RH02,2.424305719,2.581107248,2160,6.558976703,1159
8,B,17,24,80,RH01,2.368943952,2.551522994,1080,7.463071581,1160
9,B,18,24,80,RH01,2.405174107,3.034964314,3600,26.07792018,1161
10,B,20,24,80,RH01,2.380345209,2.448973939,720,2.984502591,1162
11,B,17,24,80,RH01,2.439913045,3.057516069,2160,25.50057357,1163
12,B,18,24,80,RH01,2.453129688,2.693727028,2880,9.947882897,1164
13,B,20,24,80,RH01,2.43707787,2.819795655,2160,15.95318704,1165
14,B,20,24,80,RH02,2.423346167,2.481334705,360,2.350542114,1166
15,B,18,24,80,RH03,2.406626787,2.883392712,2880,19.64842132,1167
16,B,17,24,80,RH01,2.390096696,2.521520218,3600,5.433175155,1168
17,B,20,24,80,RH02,2.495192432,2.803536315,1440,12.42667289,1169
18,B,20,24,80,RH02,2.410720095,2.444935468,2160,1.507524921,1170
19,B,3,24,56,RH03,2.429251854,2.602244562,2880,7.201743072,1171
20,B,3,24,56,RH03,2.443355756,2.612642658,720,6.798004361,1172
21,B,2,24,33,RH04,2.447950484,2.93546874,3600,20.2992101,1173
22,B,2,24,33,RH04,2.416602349,2.775735434,2160,15.03046599,1174
23,B,1,24,11,RH04,2.377750684,3.176885802,4320,33.11674049,1175
24,B,1,24,11,RH04,2.370710373,2.394113274,720,1.128119574,1176
1,B,4,24,80,RH03,2.368089861,2.801163095,3600,18.08388061,1177
2,B,18,24,80,RH03,2.430238107,2.849948748,2880,17.26984917,1178
3,B,17,24,80,RH03,2.402747622,2.876477281,4320,19.70631332,1179
4,B,20,24,80,RH03,2.410107491,2.81672633,4320,16.83324668,1180
5,B,19,24,80,RH03,2.434753215,2.475718242,2880,1.670929692,1181
6,B,7,24,80,RH03,2.392316483,2.369123935,1080,-0.737435906,1182
7,B,4,24,80,RH02,2.406171939,2.613295303,2160,8.679212915,1183
8,B,17,24,80,RH01,2.419431616,2.211287438,360,-8.48613957,1184
9,B,18,24,80,RH01,2.428851468,2.669434777,2160,9.876315977,1185
10,B,20,24,80,RH01,2.461954051,2.785281883,2880,13.31356891,1186
11,B,17,24,80,RH01,2.476934776,2.393478267,1080,-3.424558397,1187
12,B,18,24,80,RH01,2.340543068,2.894429392,2880,23.01708645,1188
13,B,20,24,80,RH01,2.44604856,2.743254042,1080,12.41514215,1189
14,B,20,24,80,RH02,2.445090111,3.031556582,5040,24.35676798,1190
15,B,18,24,80,RH03,2.443958727,2.193479259,1080,-10.32018532,1191
16,B,17,24,80,RH01,2.380112205,2.664023385,480,11.92926465,1192
17,B,20,24,80,RH02,2.356765021,2.390974487,720,1.51207502,1193
18,B,20,24,80,RH02,2.360682384,2.491574389,2160,5.440185013,1194
19,B,3,24,56,RH03,2.485372666,2.856445318,2160,15.01326991,1195
20,B,3,24,56,RH03,2.417312156,2.510998209,180,3.749535231,1196
21,B,2,24,33,RH04,2.401546135,2.697624535,1080,12.246005,1197
22,B,2,24,33,RH04,2.412364912,2.730297675,2880,13.29927909,1198
23,B,1,24,11,RH04,2.33934026,3.088988717,4320,31.08086849,1199
24,B,1,24,11,RH04,2.439726788,2.486682258,2880,1.918509995,1200
1,B,4,24,80,RH03,2.36829678,2.887238304,4320,21.64665826,1201
2,B,18,24,80,RH03,2.410050003,2.503452068,2160,3.762419831,1202
3,B,17,24,80,RH03,2.445778849,2.32017055,120,-5.329649732,1203
4,B,20,24,80,RH03,2.500884822,2.805712717,2880,12.49026686,1204
5,B,19,24,80,RH03,2.381619927,2.605308073,2160,9.205475062,1205
6,B,7,24,80,RH03,2.481264149,2.853061743,720,15.08766255,1206
7,B,4,24,80,RH02,2.393111182,2.500685122,240,4.517259742,1207
8,B,17,24,80,RH01,2.429773846,2.667033121,3600,9.812619191,1208
9,B,18,24,80,RH01,2.365309147,2.795442983,3600,18.00564243,1209
10,B,20,24,80,RH01,2.43655511,2.478280698,1440,1.79915732,1210
11,B,17,24,80,RH01,2.423676686,2.951706273,5040,21.93003292,1211
12,B,18,24,80,RH01,2.472353972,2.74326264,1440,11.20421139,1212
13,B,20,24,80,RH01,2.354729839,2.517084038,2880,6.870728776,1213
14,B,20,24,80,RH02,2.431502294,2.467055313,2880,1.396460785,1214
15,B,18,24,80,RH03,2.434614073,2.789010577,2160,14.75169844,1215
16,B,17,24,80,RH01,2.432962135,2.952145407,2880,21.49786615,1216
17,B,20,24,80,RH02,2.348033839,2.544475008,180,8.313522661,1217
18,B,20,24,80,RH02,2.399060296,2.543301801,2880,5.802871745,1218
19,B,3,24,56,RH03,2.380931603,2.704384727,480,13.3187177,1219
20,B,3,24,56,RH03,2.410211259,2.700390133,2880,11.92368502,1220
21,B,2,24,33,RH04,2.392643982,2.764593495,3600,15.45946753,1221
22,B,2,24,33,RH04,2.413480314,2.324730495,720,-3.601887299,1222
23,B,1,24,11,RH04,2.455470994,2.991119366,4320,22.04132419,1223
24,B,1,24,11,RH04,2.466757343,2.703182263,1080,9.450339122,1224
1,B,4,24,80,RH03,2.319956823,2.918386865,3600,24.99111455,1225
2,B,18,24,80,RH03,2.389173706,2.918117955,1440,21.94320842,1226
3,B,17,24,80,RH03,2.405584277,2.593502358,1080,7.73270583,1227
4,B,20,24,80,RH03,2.428263321,2.536875754,480,4.345603535,1228
5,B,19,24,80,RH03,2.428882582,2.474338212,2160,1.837011046,1229
6,B,7,24,80,RH03,2.379071427,2.618843004,1080,10.07520465,1230
7,B,4,24,80,RH02,2.386922884,2.93688623,2880,22.91684557,1231
8,B,17,24,80,RH01,2.471430627,2.935496581,2880,19.02536611,1232
9,B,18,24,80,RH01,2.356243324,2.293828926,360,-2.411768012,1233
10,B,20,24,80,RH01,2.431148982,2.794685839,2880,14.94421904,1234
11,B,17,24,80,RH01,2.385558793,2.579262924,120,8.180906549,1235
12,B,18,24,80,RH01,2.356672046,2.27171351,5,-3.452165518,1236
13,B,20,24,80,RH01,2.411532265,2.717109042,5040,12.75408412,1237
14,B,20,24,80,RH02,2.401125539,2.689673107,1440,11.81275828,1238
15,B,18,24,80,RH03,2.413929376,2.737706234,2160,13.39514944,1239
16,B,17,24,80,RH01,2.461641807,2.609732708,1440,6.008546745,1240
17,B,20,24,80,RH02,2.354531399,2.36364633,3600,0.34727356,1241
18,B,20,24,80,RH02,2.417737271,2.695671422,1440,11.50907115,1242
19,B,3,24,56,RH03,2.415115702,3.025001329,2880,25.38096273,1243
20,B,3,24,56,RH03,2.422157178,2.54643891,1080,5.181727409,1244
21,B,2,24,33,RH04,2.456095092,2.512989217,2880,2.275545655,1245
22,B,2,24,33,RH04,2.370996841,2.304053,1080,-2.721998565,1246
23,B,1,24,11,RH04,2.432108334,2.544747427,2160,4.714492695,1247
24,B,1,24,11,RH04,2.359471753,3.059098237,3600,29.05023057,1248
1,B,4,24,80,RH03,2.420983219,2.72546963,3600,12.54042598,1249
2,B,18,24,80,RH03,2.448961466,2.636961753,1080,7.742236086,1250
3,B,17,24,80,RH03,2.440267367,2.603187535,1440,6.637676399,1251
4,B,20,24,80,RH03,2.433739168,2.420754468,480,-0.692855547,1252
5,B,19,24,80,RH03,2.433425887,2.932373738,2160,20.72671609,1253
6,B,7,24,80,RH03,2.327387232,2.655797,2880,13.77459247,1254
7,B,4,24,80,RH02,2.413725463,2.535414761,1080,5.073755696,1255
8,B,17,24,80,RH01,2.414137088,3.084083668,5760,27.75243314,1256
9,B,18,24,80,RH01,2.447410682,2.682202228,2160,9.798541585,1257
10,B,20,24,80,RH01,2.396682808,2.921584582,2160,21.76302174,1258
11,B,17,24,80,RH01,2.471728337,3.005438875,2880,22.13489053,1259
12,B,18,24,80,RH01,2.388152822,2.861397947,5040,19.65435979,1260
13,B,20,24,80,RH01,2.417530273,2.743077372,1080,13.44933551,1261
14,B,20,24,80,RH02,2.514409901,2.441979855,720,-3.3080747,1262
15,B,18,24,80,RH03,2.361109466,2.273138882,720,-3.691983972,1263
16,B,17,24,80,RH01,2.417705735,2.325976783,1080,-3.868985761,1264
17,B,20,24,80,RH02,2.445217668,2.621639416,1440,7.269075779,1265
18,B,20,24,80,RH02,2.41268208,2.727398759,1080,13.08057197,1266
19,B,3,24,56,RH03,2.409023996,2.692854188,2160,11.6164153,1267
20,B,3,24,56,RH03,2.462084931,2.57510386,90,4.669585894,1268
21,B,2,24,33,RH04,2.414853124,2.675871367,720,10.66509077,1269
22,B,2,24,33,RH04,2.520327783,2.571412765,2880,1.920022409,1270
23,B,1,24,11,RH04,2.330276836,2.70119543,1080,15.66999394,1271
24,B,1,24,11,RH04,2.402378959,1.942376164,1080,-19.14126127,1272
1,B,4,24,80,RH03,2.459148886,2.508777022,1440,1.786168218,1273
2,B,18,24,80,RH03,2.392031966,2.647185685,1080,10.52666059,1274
3,B,17,24,80,RH03,2.437534705,2.629208253,2880,8.047683994,1275
4,B,20,24,80,RH03,2.478889068,2.907902002,2880,17.64465725,1276
5,B,19,24,80,RH03,2.400174874,2.595634959,3600,8.134165309,1277
6,B,7,24,80,RH03,2.361708977,2.589914135,180,9.685790909,1278
7,B,4,24,80,RH02,2.371808025,2.403607018,360,1.475436483,1279
8,B,17,24,80,RH01,2.368723166,2.551758236,720,7.707112505,1280
9,B,18,24,80,RH01,2.465021857,2.674169516,1080,8.654227464,1281
10,B,20,24,80,RH01,2.406130682,2.477770286,720,2.708659846,1282
11,B,17,24,80,RH01,2.413880992,2.683214869,3600,11.1536687,1283
12,B,18,24,80,RH01,2.423759926,2.671017327,2160,10.35776604,1284
13,B,20,24,80,RH01,2.412976246,2.657518832,30,10.1641737,1285
14,B,20,24,80,RH02,2.464775881,2.708980947,1440,10.03400597,1286
15,B,18,24,80,RH03,2.39329911,2.421040927,480,1.084891895,1287
16,B,17,24,80,RH01,2.415739298,2.520778399,1080,4.488721509,1288
17,B,20,24,80,RH02,2.370703888,2.727589498,720,15.09705388,1289
18,B,20,24,80,RH02,2.389854113,3.145210513,4320,31.42154939,1290
19,B,3,24,56,RH03,2.452727213,2.774723953,2160,13.04101666,1291
20,B,3,24,56,RH03,2.422173859,2.580004124,1440,6.313196657,1292
21,B,2,24,33,RH04,2.413503312,2.535257747,600,5.056538102,1293
22,B,2,24,33,RH04,2.462933837,2.61409774,720,6.056734974,1294
23,B,1,24,11,RH04,2.425757686,2.450807302,480,0.981288046,1295
24,B,1,24,11,RH04,2.387981006,2.420160817,2880,1.155912702,1296
1,B,4,24,80,RH03,2.47511742,2.858570484,1440,15.73792876,1297
2,B,18,24,80,RH03,2.429328573,2.978681237,4320,22.89323584,1298
3,B,17,24,80,RH03,2.379199071,2.765454265,2160,16.09685284,1299
4,B,20,24,80,RH03,2.384772177,2.685870131,600,12.5846598,1300
5,B,19,24,80,RH03,2.473660229,2.668147105,1440,8.047027364,1301
6,B,7,24,80,RH03,2.40400219,3.075007314,4320,27.87027403,1302
7,B,4,24,80,RH02,2.436048976,2.552714009,1080,4.604634743,1303
8,B,17,24,80,RH01,2.401773165,2.97991097,2880,24.03532503,1304
9,B,18,24,80,RH01,2.402170351,2.975182605,2880,23.79590867,1305
10,B,20,24,80,RH01,2.376868139,2.648284424,1440,11.55435616,1306
11,B,17,24,80,RH01,2.473618124,2.930561117,2880,18.88173825,1307
12,B,18,24,80,RH01,2.423033553,2.54225652,1080,4.995260444,1308
13,B,20,24,80,RH01,2.421830042,2.722387415,1080,12.34912364,1309
14,B,20,24,80,RH02,2.43708892,3.013368831,3600,23.79436402,1310
15,B,18,24,80,RH03,2.416273508,2.988329324,2160,23.62127714,1311
16,B,17,24,80,RH01,2.387869575,2.336282826,1080,-2.048303504,1312
17,B,20,24,80,RH02,2.404944551,2.968196506,1440,23.34470782,1313
18,B,20,24,80,RH02,2.452347811,2.803699252,2880,14.40151149,1314
19,B,3,24,56,RH03,2.418404193,2.924384051,3600,20.92240379,1315
20,B,3,24,56,RH03,2.369343147,2.442870858,360,3.011600484,1316
21,B,2,24,33,RH04,2.46472334,2.988262737,2880,21.54234566,1317
22,B,2,24,33,RH04,2.442903576,2.880920305,1080,18.03678422,1318
23,B,1,24,11,RH04,2.348605462,2.847569783,2160,20.89825867,1319
24,B,1,24,11,RH04,2.423534729,2.646465859,720,9.399839686,1320
1,B,4,24,80,RH03,2.274956791,2.569072968,1080,12.64737008,1321
2,B,18,24,80,RH03,2.399156212,2.738905793,2880,14.25674335,1322
3,B,17,24,80,RH03,2.460257616,2.389770574,480,-3.041278888,1323
4,B,20,24,80,RH03,2.429231218,2.392739372,1440,-1.885853017,1324
5,B,19,24,80,RH03,2.407728415,2.711298734,1080,12.5837228,1325
6,B,7,24,80,RH03,2.447554509,2.71462089,1440,11.0795335,1326
7,B,4,24,80,RH02,2.402203607,2.553235802,3600,6.405955563,1327
8,B,17,24,80,RH01,2.448398155,2.947918665,2160,20.63001384,1328
9,B,18,24,80,RH01,2.457269898,2.570899349,2880,4.76539654,1329
10,B,20,24,80,RH01,2.4257441,2.404218828,600,-1.085387034,1330
11,B,17,24,80,RH01,2.424208829,2.604420006,1440,7.50271934,1331
12,B,18,24,80,RH01,2.41438023,2.854029734,300,18.21665345,1332
13,B,20,24,80,RH01,2.387612366,2.7051102,2880,13.11884869,1333
14,B,20,24,80,RH02,2.464283052,2.629749585,1440,6.811857842,1334
15,B,18,24,80,RH03,2.38916695,2.156193063,720,-9.452205019,1335
16,B,17,24,80,RH01,2.400432675,2.602297959,1080,8.343942054,1336
17,B,20,24,80,RH02,2.368089453,2.479410982,1080,4.930365476,1337
18,B,20,24,80,RH02,2.429055232,2.631445717,480,8.302156651,1338
19,B,3,24,56,RH03,2.420197401,2.647978673,1080,9.358274257,1339
20,B,3,24,56,RH03,2.39293766,2.76224982,4320,15.21501796,1340
21,B,2,24,33,RH04,2.386486712,2.742325533,2160,14.80753155,1341
22,B,2,24,33,RH04,2.353267573,2.659320249,1440,12.98117681,1342
23,B,1,24,11,RH04,2.389806348,2.777260334,6480,16.27486327,1343
24,B,1,24,11,RH04,2.408143849,2.587684065,3600,7.458756374,1344
