Run,Base_Cake,Desiccator,T_C,RH_pct,RH_Sensor,Initial_g,Final_g,Time_min,Pct_Change,Run_Global
1,A,4,24,80,RH03,2.4073,2.423405179941632,5,0.6690142459033698,1
2,A,18,24,80,RH03,2.3836,2.395006019635185,10,0.4785207096486446,2
3,A,17,24,80,RH03,2.4041,2.4212726440433436,15,0.7143065614302078,3
4,A,20,24,80,RH03,2.3681,2.3912341810088797,20,0.9769089569224076,4
5,A,19,24,80,RH03,2.3895,2.400246871533296,30,0.4497539875829992,5
6,A,7,24,80,RH03,2.4102,2.4210400893190838,61,0.44975891291524583,6
7,A,4,24,80,RH02,2.3848,2.4084992801672658,284,0.9937638446522175,7
8,A,17,24,80,RH01,2.4199,2.4380548259032313,5631,0.7502304187458726,8
9,A,18,24,80,RH01,2.4,2.4090997844212683,5630,0.3791576842195144,9
10,A,20,24,80,RH01,2.4065,2.4229308122346684,5629,0.6827680130757894,10
11,A,17,24,80,RH01,2.493,2.5024976990754553,1440,0.38097469215626134,11
12,A,18,24,80,RH01,2.4084,2.417558689384504,1440,0.38028107392892296,12
13,A,20,24,80,RH01,2.4395,2.4539562008844555,1440,0.5925886814698103,13
14,A,20,24,80,RH02,2.4218,2.420492613710463,480,-0.05398407339733935,14
15,A,18,24,80,RH03,2.3842,2.384260192711167,960,0.0025246502460901654,15
16,A,17,24,80,RH01,2.3832,2.3915725090809383,2880,0.3513137412277082,16
17,A,20,24,80,RH02,2.4071,2.4123029626307293,1440,0.2161506638996729,17
18,B,20,24,80,RH02,2.4422,2.449781620479615,1440,0.31044224386269154,18
19,A,3,24,56,RH03,2.4438,2.4461535966440304,1440,0.09630888959941258,19
20,B,3,24,56,RH03,2.4488,2.467053278396776,1440,0.7453968636383501,20
21,A,2,24,33,RH04,2.4388,2.4519758233567788,1440,0.5402584614063771,21
22,B,2,24,33,RH04,2.4288,2.4305423129266694,1440,0.07173554539975388,22
23,A,1,24,11,RH04,2.3825,2.395681819209951,1440,0.5532767769129598,23
24,B,1,24,11,RH04,2.5488,2.5590591924672106,1440,0.402510690019241,24
1,A,4,24,80,RH03,2.4073,2.4154802074452757,5,0.3398083930243585,25
2,A,18,24,80,RH03,2.3836,2.3939088763339784,10,0.432491875062017,26
3,A,17,24,80,RH03,2.4041,2.4122616314006184,15,0.339488016331181,27
4,A,20,24,80,RH03,2.3681,2.3935732599062067,20,1.0756834553526813,28
5,A,19,24,80,RH03,2.3895,2.4018286451444664,30,0.5159508325786198,29
6,A,7,24,80,RH03,2.4102,2.4150851553570916,61,0.2026867213132299,30
7,A,4,24,80,RH02,2.3848,2.403085775319151,284,0.7667634736309568,31
8,A,17,24,80,RH01,2.4199,2.4236205213543056,5631,0.15374690500869337,32
9,A,18,24,80,RH01,2.4,2.4139838178840343,5630,0.5826590785014266,33
10,A,20,24,80,RH01,2.4065,2.40486596154065,5629,-0.06790103716393259,34
11,A,17,24,80,RH01,2.493,2.496030096540289,1440,0.1215441853304709,35
12,A,18,24,80,RH01,2.4084,2.4223460418014016,1440,0.5790583707607371,36
13,A,20,24,80,RH01,2.4395,2.457589867665696,1440,0.7415399739986231,37
14,A,20,24,80,RH02,2.4218,2.4356384191101577,480,0.5714104843569912,38
15,A,18,24,80,RH03,2.3842,2.3957706540953896,960,0.48530551528352783,39
16,A,17,24,80,RH01,2.3832,2.3934398690180148,2880,0.4296688913232134,40
17,A,20,24,80,RH02,2.4071,2.4089400691509595,1440,0.0764434028897718,41
18,B,20,24,80,RH02,2.4422,2.4480085169292027,1440,0.23783952703312203,42
19,A,3,24,56,RH03,2.4438,2.464257945889301,1440,0.8371366678656746,43
20,B,3,24,56,RH03,2.4488,2.4502646667376338,1440,0.059811611304872114,44
21,A,2,24,33,RH04,2.4388,2.4538528879536803,1440,0.6172251908184385,45
22,B,2,24,33,RH04,2.4288,2.43462685985162,1440,0.23990694382494912,46
23,A,1,24,11,RH04,2.3825,2.39926095627449,1440,0.7035028866522604,47
24,B,1,24,11,RH04,2.5488,2.574430323468685,1440,1.0055839402340498,48
1,A,4,24,80,RH03,2.4073,2.413757214969039,5,0.2682347430332085,49
2,A,18,24,80,RH03,2.3836,2.393783604142763,10,0.42723628724463564,50
3,A,17,24,80,RH03,2.4041,2.418990491246312,15,0.6193790294210693,51
4,A,20,24,80,RH03,2.3681,2.3873446852466156,20,0.8126635381367078,52
5,A,19,24,80,RH03,2.3895,2.398490439476006,30,0.37624772864641304,53
6,A,7,24,80,RH03,2.4102,2.4213906142033346,61,0.4643023070008549,54
7,A,4,24,80,RH02,2.3848,2.389285797061971,284,0.18809950779819157,55
8,A,17,24,80,RH01,2.4199,2.423799378771162,5631,0.1611380127757988,56
9,A,18,24,80,RH01,2.4,2.418330185921238,5630,0.7637577467182595,57
10,A,20,24,80,RH01,2.4065,2.428805174886267,5629,0.926872008571247,58
11,A,17,24,80,RH01,2.493,2.5054250363007005,1440,0.49839696352589985,59
12,A,18,24,80,RH01,2.4084,2.428174405893849,1440,0.8210598693676072,60
13,A,20,24,80,RH01,2.4395,2.4548320332493105,1440,0.6284908075142903,61
14,A,20,24,80,RH02,2.4218,2.429706306934892,480,0.32646407361846275,62
15,A,18,24,80,RH03,2.3842,2.3991827582079597,960,0.6284186816525242,63
16,A,17,24,80,RH01,2.3832,2.4065889862356054,2880,0.9814109699397908,64
17,A,20,24,80,RH02,2.4071,2.419358209423775,1440,0.5092521882670146,65
18,B,20,24,80,RH02,2.4422,2.4433479609928344,1440,0.04700519993587804,66
19,A,3,24,56,RH03,2.4438,2.4625334560205765,1440,0.7665707513125671,67
20,B,3,24,56,RH03,2.4488,2.4597634541219406,1440,0.44770720850787404,68
21,A,2,24,33,RH04,2.4388,2.452153118545444,1440,0.5475282329606507,69
22,B,2,24,33,RH04,2.4288,2.4301743279968955,1440,0.05658465072856786,70
23,A,1,24,11,RH04,2.3825,2.39744146210488,1440,0.6271337714535239,71
24,B,1,24,11,RH04,2.5488,2.5656245712854666,1440,0.6600977434662091,72
1,A,4,24,80,RH03,2.4073,2.413979100049266,5,0.27745191913204376,73
2,A,18,24,80,RH03,2.3836,2.3924067557327358,10,0.3694728869246391,74
3,A,17,24,80,RH03,2.4041,2.4232034746935027,15,0.7946206353106222,75
4,A,20,24,80,RH03,2.3681,2.3827496665083556,20,0.6186253328979053,76
5,A,19,24,80,RH03,2.3895,2.398127813979296,30,0.3610719388698884,77
6,A,7,24,80,RH03,2.4102,2.4264442715018695,61,0.6739802299340069,78
7,A,4,24,80,RH02,2.3848,2.3978954916190554,284,0.5491232648044121,79
8,A,17,24,80,RH01,2.4199,2.4395155520377716,5631,0.8105934971598667,80
9,A,18,24,80,RH01,2.4,2.407425217724083,5630,0.3093840718367943,81
10,A,20,24,80,RH01,2.4065,2.416648243132637,5629,0.42170135602066955,82
11,A,17,24,80,RH01,2.493,2.5030310231227246,1440,0.40236755406035274,83
12,A,18,24,80,RH01,2.4084,2.410349491796756,1440,0.08094551556036444,84
13,A,20,24,80,RH01,2.4395,2.454352556247697,1440,0.6088360831193729,85
14,A,20,24,80,RH02,2.4218,2.436290030974496,480,0.5983165816539668,86
15,A,18,24,80,RH03,2.3842,2.3966344145099807,960,0.5215340369927383,87
16,A,17,24,80,RH01,2.3832,2.393915435831221,2880,0.44962385998745596,88
17,A,20,24,80,RH02,2.4071,2.4093961032604314,1440,0.09538877738487578,89
18,B,20,24,80,RH02,2.4422,2.4503339078087,1440,0.3330565804888974,90
19,A,3,24,56,RH03,2.4438,2.450625944428429,1440,0.27931681923351437,91
20,B,3,24,56,RH03,2.4488,2.4637121663130466,1440,0.6089581147111597,92
21,A,2,24,33,RH04,2.4388,2.465281850527617,1440,1.085855770363159,93
22,B,2,24,33,RH04,2.4288,2.444154404350574,1440,0.632180679783197,94
23,A,1,24,11,RH04,2.3825,2.394356897817061,1440,0.49766622527014986,95
24,B,1,24,11,RH04,2.5488,2.5520698961556567,1440,0.12829159430542664,96
1,A,4,24,80,RH03,2.4073,2.4202529365531733,5,0.5380690629823079,97
2,A,18,24,80,RH03,2.3836,2.41360887169796,10,1.2589726337455858,98
3,A,17,24,80,RH03,2.4041,2.4152139550137095,15,0.46229171056566326,99
4,A,20,24,80,RH03,2.3681,2.382556402784141,20,0.6104642027000837,100
5,A,19,24,80,RH03,2.3895,2.401676568678868,30,0.509586469088427,101
6,A,7,24,80,RH03,2.4102,2.414282796581188,61,0.16939658871414043,102
7,A,4,24,80,RH02,2.3848,2.405377171544166,284,0.8628468443545061,103
8,A,17,24,80,RH01,2.4199,2.4379422882373967,5631,0.7455799098060323,104
9,A,18,24,80,RH01,2.4,2.4181754300187097,5630,0.757309584112914,105
10,A,20,24,80,RH01,2.4065,2.4124484772701096,5629,0.24718376356157834,106
11,A,17,24,80,RH01,2.493,2.5164550986514906,1440,0.9408382932808297,107
12,A,18,24,80,RH01,2.4084,2.410795025701113,1440,0.09944468116231575,108
13,A,20,24,80,RH01,2.4395,2.4564803136409767,1440,0.6960571281400811,109
14,A,20,24,80,RH02,2.4218,2.45030789630376,480,1.1771366877429936,110
15,A,18,24,80,RH03,2.3842,2.38951292988087,960,0.22283910246079353,111
16,A,17,24,80,RH01,2.3832,2.391543837752432,2880,0.35011068111916843,112
17,A,20,24,80,RH02,2.4071,2.4203365324027075,1440,0.5498954095262923,113
18,B,20,24,80,RH02,2.4422,2.4410791728209857,1440,-0.04589416014307962,114
19,A,3,24,56,RH03,2.4438,2.457010422593493,1440,0.5405688924418082,115
20,B,3,24,56,RH03,2.4488,2.459810220764073,1440,0.44961698644533354,116
21,A,2,24,33,RH04,2.4388,2.4447548845326517,1440,0.2441727297298591,117
22,B,2,24,33,RH04,2.4288,2.443251624576534,1440,0.5950108933026368,118
23,A,1,24,11,RH04,2.3825,2.3925870653129198,1440,0.42338154513829734,119
24,B,1,24,11,RH04,2.5488,2.556789064458083,1440,0.3134441485437474,120
1,A,4,24,80,RH03,2.4073,2.4214606529017177,5,0.5882379803812389,121
2,A,18,24,80,RH03,2.3836,2.405341836407323,10,0.9121428262847284,122
3,A,17,24,80,RH03,2.4041,2.4050076686673743,15,0.0377550296316318,123
4,A,20,24,80,RH03,2.3681,2.3817258143211713,20,0.5753901575596913,124
5,A,19,24,80,RH03,2.3895,2.4037883698105698,30,0.5979648382745271,125
6,A,7,24,80,RH03,2.4102,2.4283860884566733,61,0.7545468615331932,126
7,A,4,24,80,RH02,2.3848,2.3883513198340935,284,0.14891478673657543,127
8,A,17,24,80,RH01,2.4199,2.4228973611259925,5631,0.12386301607471711,128
9,A,18,24,80,RH01,2.4,2.4162379792724415,5630,0.6765824696850693,129
10,A,20,24,80,RH01,2.4065,2.421157880848407,5629,0.6090954019699558,130
11,A,17,24,80,RH01,2.493,2.507837036027737,1440,0.595147855103763,131
12,A,18,24,80,RH01,2.4084,2.4234268376032575,1440,0.6239344628490927,132
13,A,20,24,80,RH01,2.4395,2.4472086390751278,1440,0.31599258352645276,133
14,A,20,24,80,RH02,2.4218,2.436080776011354,480,0.589676109148301,134
15,A,18,24,80,RH03,2.3842,2.398694070172516,960,0.6079217419896044,135
16,A,17,24,80,RH01,2.3832,2.3904853131016788,2880,0.3056945745920897,136
17,A,20,24,80,RH02,2.4071,2.4330902374773293,1440,1.0797323533434269,137
18,B,20,24,80,RH02,2.4422,2.4484856253162968,1440,0.25737553502156296,138
19,A,3,24,56,RH03,2.4438,2.461321217126338,1440,0.7169660825901489,139
20,B,3,24,56,RH03,2.4488,2.462542397384828,1440,0.5611890470772714,140
21,A,2,24,33,RH04,2.4388,2.4599585086942497,1440,0.8675786737022213,141
22,B,2,24,33,RH04,2.4288,2.4444627573985005,1440,0.6448763751029545,142
23,A,1,24,11,RH04,2.3825,2.3978393516752785,1440,0.6438342780809495,143
24,B,1,24,11,RH04,2.5488,2.580747931734153,1440,1.2534499267950823,144
1,A,4,24,80,RH03,2.4073,2.4180457915650395,5,0.44638356519913885,145
2,A,18,24,80,RH03,2.3836,2.390604903435912,10,0.29387915069275317,146
3,A,17,24,80,RH03,2.4041,2.410185875079212,15,0.25314567111234304,147
4,A,20,24,80,RH03,2.3681,2.37461835899252,20,0.27525691451036854,148
5,A,19,24,80,RH03,2.3895,2.401372696396065,30,0.49686948717576873,149
6,A,7,24,80,RH03,2.4102,2.4251997734691093,61,0.6223455924449932,150
7,A,4,24,80,RH02,2.3848,2.3991805166547264,284,0.6030072397990057,151
8,A,17,24,80,RH01,2.4199,2.438488582233027,5631,0.7681549747108072,152
9,A,18,24,80,RH01,2.4,2.412573613621521,5630,0.5239005675633721,153
10,A,20,24,80,RH01,2.4065,2.4295075892700373,5629,0.9560602231471951,154
11,A,17,24,80,RH01,2.493,2.503984231544213,1440,0.4406029500286132,155
12,A,18,24,80,RH01,2.4084,2.440577446262443,1440,1.3360507499768857,156
13,A,20,24,80,RH01,2.4395,2.456764346484618,1440,0.7077002043295019,157
14,A,20,24,80,RH02,2.4218,2.428165767489613,480,0.26285273307511525,158
15,A,18,24,80,RH03,2.3842,2.388938174318368,960,0.19873225058166633,159
16,A,17,24,80,RH01,2.3832,2.399042124780023,2880,0.6647417245729557,160
17,A,20,24,80,RH02,2.4071,2.4180032281883266,1440,0.45296116440224476,161
18,B,20,24,80,RH02,2.4422,2.4618541267935443,1440,0.8047713861904818,162
19,A,3,24,56,RH03,2.4438,2.4559738221097476,1440,0.49815132620293817,163
20,B,3,24,56,RH03,2.4488,2.446257829434956,1440,-0.10381291101944035,164
21,A,2,24,33,RH04,2.4388,2.4482148780046966,1440,0.3860455143798937,165
22,B,2,24,33,RH04,2.4288,2.447149775440536,1440,0.7555078821037557,166
23,A,1,24,11,RH04,2.3825,2.385985082079156,1440,0.14627836638640362,167
24,B,1,24,11,RH04,2.5488,2.5658828578999775,1440,0.6702313990888874,168
1,A,4,24,80,RH03,2.4073,2.413434829981499,5,0.25484276913966014,169
2,A,18,24,80,RH03,2.3836,2.3970939774875952,10,0.5661175317836584,170
3,A,17,24,80,RH03,2.4041,2.4170211387400484,15,0.5374626155338,171
4,A,20,24,80,RH03,2.3681,2.372294116113122,20,0.17710891065081308,172
5,A,19,24,80,RH03,2.3895,2.4044901986926566,30,0.627336208104485,173
6,A,7,24,80,RH03,2.4102,2.426787848596358,61,0.6882353579104703,174
7,A,4,24,80,RH02,2.3848,2.4049495418141733,284,0.8449153729525831,175
8,A,17,24,80,RH01,2.4199,2.440133766757158,5631,0.8361406156104709,176
9,A,18,24,80,RH01,2.4,2.402560780550709,5630,0.10669918961287272,177
10,A,20,24,80,RH01,2.4065,2.4122431721243327,5629,0.23865248802546318,178
11,A,17,24,80,RH01,2.493,2.5098155487634535,1440,0.6745105801625979,179
12,A,18,24,80,RH01,2.4084,2.424635886252531,1440,0.6741357852736627,180
13,A,20,24,80,RH01,2.4395,2.4559547764922303,1440,0.6745143058918144,181
14,A,20,24,80,RH02,2.4218,2.462384995372203,480,1.6758194471964163,182
15,A,18,24,80,RH03,2.3842,2.400681191466784,960,0.6912671532079501,183
16,A,17,24,80,RH01,2.3832,2.4037114801010353,2880,0.8606696920541796,184
17,A,20,24,80,RH02,2.4071,2.4265060529347133,1440,0.8062005290479607,185
18,B,20,24,80,RH02,2.4422,2.455771243780096,1440,0.5556974768690559,186
19,A,3,24,56,RH03,2.4438,2.4620720669431244,1440,0.7476907661479802,187
20,B,3,24,56,RH03,2.4488,2.456009007016726,1440,0.29438937507048296,188
21,A,2,24,33,RH04,2.4388,2.447930646138663,1440,0.374390935651269,189
22,B,2,24,33,RH04,2.4288,2.458692999999693,1440,1.230772397879317,190
23,A,1,24,11,RH04,2.3825,2.3815427220359506,1440,-0.040179557777524355,191
24,B,1,24,11,RH04,2.5488,2.553220569308989,1440,0.17343727671800724,192
1,A,4,24,80,RH03,2.4073,2.4164097152584554,5,0.37842044026317,193
2,A,18,24,80,RH03,2.3836,2.403781587928794,10,0.8466851790902099,194
3,A,17,24,80,RH03,2.4041,2.4170649267817224,15,0.5392840057286389,195
4,A,20,24,80,RH03,2.3681,2.372757497774157,20,0.1966765666212082,196
5,A,19,24,80,RH03,2.3895,2.39679774536017,30,0.30540888722200954,197
6,A,7,24,80,RH03,2.4102,2.4276469394834472,61,0.7238793246804027,198
7,A,4,24,80,RH02,2.3848,2.391975624970043,284,0.300890010484859,199
8,A,17,24,80,RH01,2.4199,2.4340549044227884,5631,0.5849375768745925,200
9,A,18,24,80,RH01,2.4,2.4128081172473075,5630,0.5336715519711441,201
10,A,20,24,80,RH01,2.4065,2.4143095712904596,5629,0.3245198957182549,202
11,A,17,24,80,RH01,2.493,2.521998157844064,1440,1.1631832267975977,203
12,A,18,24,80,RH01,2.4084,2.425503871720052,1440,0.7101757066954034,204
13,A,20,24,80,RH01,2.4395,2.437364393979546,1440,-0.08754277599728211,205
14,A,20,24,80,RH02,2.4218,2.4357480251785257,480,0.5759362944308283,206
15,A,18,24,80,RH03,2.3842,2.391864346132097,960,0.3214640605694836,207
16,A,17,24,80,RH01,2.3832,2.401687197370459,2880,0.7757300004388672,208
17,A,20,24,80,RH02,2.4071,2.413893889991556,1440,0.28224377847018983,209
18,B,20,24,80,RH02,2.4422,2.4580388611234776,1440,0.6485488954007574,210
19,A,3,24,56,RH03,2.4438,2.4628549576305385,1440,0.7797265582510364,211
20,B,3,24,56,RH03,2.4488,2.453197808437822,1440,0.17959034783656022,212
21,A,2,24,33,RH04,2.4388,2.448006870125422,1440,0.37751640665171315,213
22,B,2,24,33,RH04,2.4288,2.451119953696234,1440,0.9189704255695867,214
23,A,1,24,11,RH04,2.3825,2.397783606779093,1440,0.6414945132882867,215
24,B,1,24,11,RH04,2.5488,2.562644617546341,1440,0.5431817932494238,216
1,A,4,24,80,RH03,2.4073,2.435143959839206,5,1.15664685910379,217
2,A,18,24,80,RH03,2.3836,2.4033776725851492,10,0.829739578165344,218
3,A,17,24,80,RH03,2.4041,2.40564316799455,15,0.06418901021379603,219
4,A,20,24,80,RH03,2.3681,2.3769739758761363,20,0.37472977814012465,220
5,A,19,24,80,RH03,2.3895,2.4110072525729445,30,0.9000733447559868,221
6,A,7,24,80,RH03,2.4102,2.417616165161897,61,0.30769916031436584,222
7,A,4,24,80,RH02,2.3848,2.400376221716729,284,0.6531458284438685,223
8,A,17,24,80,RH01,2.4199,2.438107090837681,5631,0.7523902160288011,224
9,A,18,24,80,RH01,2.4,2.4058061006046376,5630,0.24192085852657513,225
10,A,20,24,80,RH01,2.4065,2.418584056691912,5629,0.50214239318146,226
11,A,17,24,80,RH01,2.493,2.4817221615636234,1440,-0.4523802020207217,227
12,A,18,24,80,RH01,2.4084,2.413522274413831,1440,0.21268370759971306,228
13,A,20,24,80,RH01,2.4395,2.450336979984029,1440,0.44422955458205193,229
14,A,20,24,80,RH02,2.4218,2.4253277160697526,480,0.1456650454105452,230
15,A,18,24,80,RH03,2.3842,2.4082738250925013,960,1.0097233911794905,231
16,A,17,24,80,RH01,2.3832,2.385367701204133,2880,0.09095758661181025,232
17,A,20,24,80,RH02,2.4071,2.416439226748215,1440,0.38798665399090493,233
18,B,20,24,80,RH02,2.4422,2.4660976621553683,1440,0.9785301021770529,234
19,A,3,24,56,RH03,2.4438,2.445980880224843,1440,0.08924135464616822,235
20,B,3,24,56,RH03,2.4488,2.467305646952028,1440,0.7557026687368681,236
21,A,2,24,33,RH04,2.4388,2.4443006501054727,1440,0.22554740468561474,237
22,B,2,24,33,RH04,2.4288,2.4451249024024073,1440,0.6721386035246951,238
23,A,1,24,11,RH04,2.3825,2.3905989498705074,1440,0.33993493685236165,239
24,B,1,24,11,RH04,2.5488,2.5594633212214015,1440,0.41836633793947575,240
1,A,4,24,80,RH03,2.4073,2.42063777091567,5,0.5540552035753744,241
2,A,18,24,80,RH03,2.3836,2.400729484027365,10,0.718639202356314,242
3,A,17,24,80,RH03,2.4041,2.428040149083085,15,0.9958050448436055,243
4,A,20,24,80,RH03,2.3681,2.3716203073516846,20,0.14865535035194533,244
5,A,19,24,80,RH03,2.3895,2.4172160497462234,30,1.15991001239688,245
6,A,7,24,80,RH03,2.4102,2.4086182739567725,61,-0.06562633985675048,246
7,A,4,24,80,RH02,2.3848,2.3961150287160775,284,0.474464471489325,247
8,A,17,24,80,RH01,2.4199,2.436754486423916,5631,0.696495161945373,248
9,A,18,24,80,RH01,2.4,2.414503141447692,5630,0.6042975603205099,249
10,A,20,24,80,RH01,2.4065,2.414518220816655,5629,0.33319014405382186,250
11,A,17,24,80,RH01,2.493,2.5044070536895777,1440,0.4575633248928175,251
12,A,18,24,80,RH01,2.4084,2.417361649646903,1440,0.37209971960235017,252
13,A,20,24,80,RH01,2.4395,2.4478721340263037,1440,0.3431905729167366,253
14,A,20,24,80,RH02,2.4218,2.440566059075697,480,0.7748806291063074,254
15,A,18,24,80,RH03,2.3842,2.3991514289649136,960,0.6271046457895142,255
16,A,17,24,80,RH01,2.3832,2.3906386135577247,2880,0.31212712142180377,256
17,A,20,24,80,RH02,2.4071,2.426113200580466,1440,0.7898799626299753,257
18,B,20,24,80,RH02,2.4422,2.4623559293796555,1440,0.82531853982701,258
19,A,3,24,56,RH03,2.4438,2.461123820891679,1440,0.7088886525770837,259
20,B,3,24,56,RH03,2.4488,2.453358360040805,1440,0.1861466857564947,260
21,A,2,24,33,RH04,2.4388,2.4569492589325237,1440,0.7441880815369786,261
22,B,2,24,33,RH04,2.4288,2.444242397227109,1440,0.6358035748974485,262
23,A,1,24,11,RH04,2.3825,2.395727597472199,1440,0.5551982149926347,263
24,B,1,24,11,RH04,2.5488,2.564043393105177,1440,0.5980615625069361,264
1,A,4,24,80,RH03,2.4073,2.423769042577072,5,0.6841292143510114,265
2,A,18,24,80,RH03,2.3836,2.394548880780976,10,0.4593422042698318,266
3,A,17,24,80,RH03,2.4041,2.4150313378579646,15,0.45469563903183396,267
4,A,20,24,80,RH03,2.3681,2.3882201603895727,20,0.8496330555961571,268
5,A,19,24,80,RH03,2.3895,2.407842397097721,30,0.767624904696409,269
6,A,7,24,80,RH03,2.4102,2.428615202774066,61,0.7640528908001916,270
7,A,4,24,80,RH02,2.3848,2.406540877577905,284,0.9116436421462988,271
8,A,17,24,80,RH01,2.4199,2.4326359615891016,5631,0.5263011524898278,272
9,A,18,24,80,RH01,2.4,2.4173900613933235,5630,0.7245858913884892,273
10,A,20,24,80,RH01,2.4065,2.4167738291507734,5629,0.4269199730219632,274
11,A,17,24,80,RH01,2.493,2.508388040150261,1440,0.6172499057465326,275
12,A,18,24,80,RH01,2.4084,2.4199833704035822,1440,0.48095708368969464,276
13,A,20,24,80,RH01,2.4395,2.4528952649697993,1440,0.5490987894978154,277
14,A,20,24,80,RH02,2.4218,2.438717413852609,480,0.6985471076310741,278
15,A,18,24,80,RH03,2.3842,2.390745434741104,960,0.2745337950299583,279
16,A,17,24,80,RH01,2.3832,2.410552372066241,2880,1.1477161827056381,280
17,A,20,24,80,RH02,2.4071,2.412352166682976,1440,0.21819478555008942,281
18,B,20,24,80,RH02,2.4422,2.4574538722654853,1440,0.6245955394924739,282
19,A,3,24,56,RH03,2.4438,2.4623117558745196,1440,0.7574988081888807,283
20,B,3,24,56,RH03,2.4488,2.4692065266652534,1440,0.833327616189715,284
21,A,2,24,33,RH04,2.4388,2.451392157711143,1440,0.5163259681459257,285
22,B,2,24,33,RH04,2.4288,2.437623599497893,1440,0.3632904931609516,286
23,A,1,24,11,RH04,2.3825,2.390048986666967,1440,0.3168514865463665,287
24,B,1,24,11,RH04,2.5488,2.5659000707911526,1440,0.6709067322329088,288
1,A,4,24,80,RH03,2.4073,2.4138563017944845,5,0.2723508409622466,289
2,A,18,24,80,RH03,2.3836,2.393696554123508,10,0.423584247504102,290
3,A,17,24,80,RH03,2.4041,2.419579505527672,15,0.6438794362826873,291
4,A,20,24,80,RH03,2.3681,2.3764092516595148,20,0.3508826341588076,292
5,A,19,24,80,RH03,2.3895,2.3960313130943818,30,0.2733338813300706,293
6,A,7,24,80,RH03,2.4102,2.4244950447514135,61,0.5931061634475737,294
7,A,4,24,80,RH02,2.3848,2.39895354883634,284,0.5934899713326168,295
8,A,17,24,80,RH01,2.4199,2.428803224629758,5631,0.3679170473886611,296
9,A,18,24,80,RH01,2.4,2.409088524199548,5630,0.3786885083145032,297
10,A,20,24,80,RH01,2.4065,2.420689084522753,5629,0.589614981207291,298
11,A,17,24,80,RH01,2.493,2.495133377209941,1440,0.08557469755080277,299
12,A,18,24,80,RH01,2.4084,2.410754472737374,1440,0.09776086768703346,300
13,A,20,24,80,RH01,2.4395,2.446927465966764,1440,0.30446673362426924,301
14,A,20,24,80,RH02,2.4218,2.432842581063953,480,0.45596585448644583,302
15,A,18,24,80,RH03,2.3842,2.398821637453696,960,0.6132722696794014,303
16,A,17,24,80,RH01,2.3832,2.4061408468087024,2880,0.9626068650848656,304
17,A,20,24,80,RH02,2.4071,2.425810337437029,1440,0.7772978869606058,305
18,B,20,24,80,RH02,2.4422,2.453978912095427,1440,0.48230743163650797,306
19,A,3,24,56,RH03,2.4438,2.4491578162160943,1440,0.21924119060865738,307
20,B,3,24,56,RH03,2.4488,2.4593224882402005,1440,0.4296997811254805,308
21,A,2,24,33,RH04,2.4388,2.4538428980748574,1440,0.6168155681014269,309
22,B,2,24,33,RH04,2.4288,2.441195569409967,1440,0.5103577655618872,310
23,A,1,24,11,RH04,2.3825,2.405844251380686,1440,0.9798216739007732,311
24,B,1,24,11,RH04,2.5488,2.5645709927790836,1440,0.6187614869383109,312
1,A,4,24,80,RH03,2.4073,2.4248021108937388,5,0.7270431975133338,313
2,A,18,24,80,RH03,2.3836,2.3931256726496386,10,0.39963385843424915,314
3,A,17,24,80,RH03,2.4041,2.4182175422065613,15,0.5872277445431251,315
4,A,20,24,80,RH03,2.3681,2.3805035801928742,20,0.5237777202345385,316
5,A,19,24,80,RH03,2.3895,2.402625591112447,30,0.5493028295646495,317
6,A,7,24,80,RH03,2.4102,2.417143715456855,61,0.28809706484336006,318
7,A,4,24,80,RH02,2.3848,2.397376315590718,284,0.5273530522776828,319
8,A,17,24,80,RH01,2.4199,2.436098798194955,5631,0.669399487373635,320
9,A,18,24,80,RH01,2.4,2.422928233976124,5630,0.9553430823385125,321
10,A,20,24,80,RH01,2.4065,2.425939255728922,5629,0.807781247825562,322
11,A,17,24,80,RH01,2.493,2.522067251599729,1440,1.1659547372534669,323
12,A,18,24,80,RH01,2.4084,2.4153794403886213,1440,0.28979573113358514,324
13,A,20,24,80,RH01,2.4395,2.45856947857984,1440,0.7816961910162035,325
14,A,20,24,80,RH02,2.4218,2.4357254130084915,480,0.5750026017215055,326
15,A,18,24,80,RH03,2.3842,2.4122606244601323,960,1.1769408799653016,327
16,A,17,24,80,RH01,2.3832,2.389813630579025,2880,0.2775105143934546,328
17,A,20,24,80,RH02,2.4071,2.41355303666106,1440,0.2680834473457672,329
18,B,20,24,80,RH02,2.4422,2.436410832148865,1440,-0.2370472463817464,330
19,A,3,24,56,RH03,2.4438,2.4526532396340497,1440,0.3622734934957717,331
20,B,3,24,56,RH03,2.4488,2.4589206847897436,1440,0.4132916036321227,332
21,A,2,24,33,RH04,2.4388,2.4539821834211764,1440,0.6225267927331478,333
22,B,2,24,33,RH04,2.4288,2.457468615723134,1440,1.1803613192989924,334
23,A,1,24,11,RH04,2.3825,2.390765581121153,1440,0.3469289033012791,335
24,B,1,24,11,RH04,2.5488,2.561235412124342,1440,0.48789281718228006,336
1,A,4,24,80,RH03,2.4073,2.410283367802218,5,0.12393003789380735,337
2,A,18,24,80,RH03,2.3836,2.4090911153428713,10,1.069437629756306,338
3,A,17,24,80,RH03,2.4041,2.425107795982678,15,0.873832036216386,339
4,A,20,24,80,RH03,2.3681,2.3770809554147525,20,0.37924730436858856,340
5,A,19,24,80,RH03,2.3895,2.389644795128212,30,0.006059641272736838,341
6,A,7,24,80,RH03,2.4102,2.4325223495886403,61,0.9261617122496238,342
7,A,4,24,80,RH02,2.3848,2.3963814961311245,284,0.48563804642421465,343
8,A,17,24,80,RH01,2.4199,2.441469655080034,5631,0.8913448935920385,344
9,A,18,24,80,RH01,2.4,2.4010001208566805,5630,0.04167170236168993,345
10,A,20,24,80,RH01,2.4065,2.414686612021785,5629,0.3401874931138682,346
11,A,17,24,80,RH01,2.493,2.506002817630192,1440,0.5215731099154549,347
12,A,18,24,80,RH01,2.4084,2.4212631241860687,1440,0.5340941781294226,348
13,A,20,24,80,RH01,2.4395,2.448891595846979,1440,0.3849803585562269,349
14,A,20,24,80,RH02,2.4218,2.4389186138984775,480,0.7068549797042496,350
15,A,18,24,80,RH03,2.3842,2.388961578116798,960,0.19971387118522171,351
16,A,17,24,80,RH01,2.3832,2.3945746836338917,2880,0.47728615449361195,352
17,A,20,24,80,RH02,2.4071,2.4204856108452812,1440,0.5560886895135697,353
18,B,20,24,80,RH02,2.4422,2.4626258826068828,1440,0.8363722302384168,354
19,A,3,24,56,RH03,2.4438,2.4482625589678997,1440,0.18260737244863928,355
20,B,3,24,56,RH03,2.4488,2.4634066074418,1440,0.5964802124224282,356
21,A,2,24,33,RH04,2.4388,2.453913102237247,1440,0.6196942035938775,357
22,B,2,24,33,RH04,2.4288,2.4490962255544697,1440,0.8356482853454461,358
23,A,1,24,11,RH04,2.3825,2.395715784448608,1440,0.5547023902878576,359
24,B,1,24,11,RH04,2.5488,2.568581618641738,1440,0.776114981235798,360
1,A,4,24,80,RH03,2.4073,2.4347004754387056,5,1.1382243774645961,361
2,A,18,24,80,RH03,2.3836,2.408546811296143,10,1.0466022527329613,362
3,A,17,24,80,RH03,2.4041,2.4148057158719247,15,0.44531075545627796,363
4,A,20,24,80,RH03,2.3681,2.3873164515068654,20,0.8114712852863066,364
5,A,19,24,80,RH03,2.3895,2.406551777494601,30,0.7136127848755442,365
6,A,7,24,80,RH03,2.4102,2.4326290673398936,61,0.9305894672597046,366
7,A,4,24,80,RH02,2.3848,2.3902975115936256,284,0.2305229618259687,367
8,A,17,24,80,RH01,2.4199,2.4374640077841505,5631,0.7258154379995319,368
9,A,18,24,80,RH01,2.4,2.420100656305317,5630,0.8375273460548763,369
10,A,20,24,80,RH01,2.4065,2.4063165802777684,5629,-0.0076218459269342675,370
11,A,17,24,80,RH01,2.493,2.4971140095837727,1440,0.16502244620026751,371
12,A,18,24,80,RH01,2.4084,2.4061898196692475,1440,-0.09176965332803011,372
13,A,20,24,80,RH01,2.4395,2.450213746082117,1440,0.4391779496666327,373
14,A,20,24,80,RH02,2.4218,2.43960659150526,480,0.7352626767387886,374
15,A,18,24,80,RH03,2.3842,2.407343599050822,960,0.9707071156288084,375
16,A,17,24,80,RH01,2.3832,2.396122388042089,2880,0.5422284341259326,376
17,A,20,24,80,RH02,2.4071,2.431377641439234,1440,1.0085846636713875,377
18,B,20,24,80,RH02,2.4422,2.435678470657316,1440,-0.2670350234495246,378
19,A,3,24,56,RH03,2.4438,2.456100517600309,1440,0.5033356903310144,379
20,B,3,24,56,RH03,2.4488,2.4631745702453265,1440,0.5870046653596336,380
21,A,2,24,33,RH04,2.4388,2.4363555266192685,1440,-0.10023263001196292,381
22,B,2,24,33,RH04,2.4288,2.431491963927584,1440,0.11083514194598637,382
23,A,1,24,11,RH04,2.3825,2.3996754845427626,1440,0.7209017646490116,383
24,B,1,24,11,RH04,2.5488,2.55673583442113,1440,0.3113557133211631,384
1,A,4,24,80,RH03,2.4073,2.4161068645096866,5,0.36583992479899197,385
2,A,18,24,80,RH03,2.3836,2.3884204959476762,10,0.20223594343331458,386
3,A,17,24,80,RH03,2.4041,2.4161492595467364,15,0.5011962708180484,387
4,A,20,24,80,RH03,2.3681,2.387199737587537,20,0.8065426961503714,388
5,A,19,24,80,RH03,2.3895,2.3948592228368435,30,0.22428218609933692,389
6,A,7,24,80,RH03,2.4102,2.4263775987351033,61,0.6712139546553533,390
7,A,4,24,80,RH02,2.3848,2.393407284895116,284,0.3609227144882678,391
8,A,17,24,80,RH01,2.4199,2.4267274610996252,5631,0.28213815032129674,392
9,A,18,24,80,RH01,2.4,2.4117093814083272,5630,0.48789089201363267,393
10,A,20,24,80,RH01,2.4065,2.411539868053293,5629,0.2094273032741878,394
11,A,17,24,80,RH01,2.493,2.5018228568453083,1440,0.3539052083958454,395
12,A,18,24,80,RH01,2.4084,2.412268772650467,1440,0.1606366322233455,396
13,A,20,24,80,RH01,2.4395,2.4665642408852486,1440,1.1094175398749169,397
14,A,20,24,80,RH02,2.4218,2.4346495638104955,480,0.5305790655915186,398
15,A,18,24,80,RH03,2.3842,2.391592983331532,960,0.3100823476022243,399
16,A,17,24,80,RH01,2.3832,2.3971225107697856,2880,0.5841939732202666,400
17,A,20,24,80,RH02,2.4071,2.4188057654547674,1440,0.48630158509275107,401
18,B,20,24,80,RH02,2.4422,2.458319889832578,1440,0.660056090106383,402
19,A,3,24,56,RH03,2.4438,2.462061352025441,1440,0.7472523130141915,403
20,B,3,24,56,RH03,2.4488,2.45470538645639,1440,0.2411542982844905,404
21,A,2,24,33,RH04,2.4388,2.4494693717629596,1440,0.4374844908545068,405
22,B,2,24,33,RH04,2.4288,2.419207659594577,1440,-0.39494155160668265,406
23,A,1,24,11,RH04,2.3825,2.4046587338265595,1440,0.9300622802333574,407
24,B,1,24,11,RH04,2.5488,2.5685349182434805,1440,0.7742827308333433,408
1,A,4,24,80,RH03,2.4073,2.4239817967314927,5,0.69296708891673,409
2,A,18,24,80,RH03,2.3836,2.3982204076051095,10,0.6133750463630608,410
3,A,17,24,80,RH03,2.4041,2.438807132054822,15,1.4436642425365713,411
4,A,20,24,80,RH03,2.3681,2.388367916043305,20,0.8558724734303731,412
5,A,19,24,80,RH03,2.3895,2.40100842274547,30,0.48162472255577005,413
6,A,7,24,80,RH03,2.4102,2.4158239092901947,61,0.2333378678198723,414
7,A,4,24,80,RH02,2.3848,2.385707800446349,284,0.0380661039227283,415
8,A,17,24,80,RH01,2.4199,2.4339605649573057,5631,0.5810390907601669,416
9,A,18,24,80,RH01,2.4,2.407034274633953,5630,0.29309477641470905,417
10,A,20,24,80,RH01,2.4065,2.4087458393435592,5629,0.09332388712069778,418
11,A,17,24,80,RH01,2.493,2.50112788139875,1440,0.326028134727242,419
12,A,18,24,80,RH01,2.4084,2.413109279364285,1440,0.19553559891568156,420
13,A,20,24,80,RH01,2.4395,2.4645327460562787,1440,1.0261424905217695,421
14,A,20,24,80,RH02,2.4218,2.4407988254901407,480,0.7844919270848352,422
15,A,18,24,80,RH03,2.3842,2.396540814885719,960,0.5176082076050148,423
16,A,17,24,80,RH01,2.3832,2.406173648615408,2880,0.9639832416670078,424
17,A,20,24,80,RH02,2.4071,2.4201756197600157,1440,0.5432104922942855,425
18,B,20,24,80,RH02,2.4422,2.461851904311556,1440,0.8046803829152445,426
19,A,3,24,56,RH03,2.4438,2.4604587250942695,1440,0.6816730131053976,427
20,B,3,24,56,RH03,2.4488,2.455055439169897,1440,0.2554491657096262,428
21,A,2,24,33,RH04,2.4388,2.445075386610936,1440,0.2573145239845729,429
22,B,2,24,33,RH04,2.4288,2.4414611721092023,1440,0.5212933180666253,430
23,A,1,24,11,RH04,2.3825,2.40853655543776,1440,1.0928249921410391,431
24,B,1,24,11,RH04,2.5488,2.5592291099071303,1440,0.409177256243343,432
1,A,4,24,80,RH03,2.4073,2.415119084430059,5,0.32480722926345196,433
2,A,18,24,80,RH03,2.3836,2.392511383805775,10,0.3738623848705912,434
3,A,17,24,80,RH03,2.4041,2.412328797300212,15,0.3422818227283393,435
4,A,20,24,80,RH03,2.3681,2.3742760703749637,20,0.2608027690960552,436
5,A,19,24,80,RH03,2.3895,2.4022732272899225,30,0.5345564883834482,437
6,A,7,24,80,RH03,2.4102,2.4167247720882785,61,0.2707149650766887,438
7,A,4,24,80,RH02,2.3848,2.399135916314359,284,0.6011370477339517,439
8,A,17,24,80,RH01,2.4199,2.432118766396832,5631,0.5049285671652589,440
9,A,18,24,80,RH01,2.4,2.4107595740625616,5630,0.4483155859400771,441
10,A,20,24,80,RH01,2.4065,2.4124616441418905,5629,0.24773090138752069,442
11,A,17,24,80,RH01,2.493,2.501649927218679,1440,0.3469686008295002,443
12,A,18,24,80,RH01,2.4084,2.426381532684836,1440,0.7466173677477268,444
13,A,20,24,80,RH01,2.4395,2.4558513624376284,1440,0.6702751562873143,445
14,A,20,24,80,RH02,2.4218,2.4272910301244406,480,0.22673342656043471,446
15,A,18,24,80,RH03,2.3842,2.397308324247813,960,0.5497996916287677,447
16,A,17,24,80,RH01,2.3832,2.400964757377259,2880,0.7454161370115368,448
17,A,20,24,80,RH02,2.4071,2.407561643643438,1440,0.019178415663588466,449
18,B,20,24,80,RH02,2.4422,2.452698649291368,1440,0.42988491079223307,450
19,A,3,24,56,RH03,2.4438,2.4606910470789236,1440,0.6911796005779478,451
20,B,3,24,56,RH03,2.4488,2.4445362360905953,1440,-0.17411646150785898,452
21,A,2,24,33,RH04,2.4388,2.439574008507472,1440,0.03173726863505122,453
22,B,2,24,33,RH04,2.4288,2.4435557794734457,1440,0.6075337398487209,454
23,A,1,24,11,RH04,2.3825,2.388425396922066,1440,0.24870501246867743,455
24,B,1,24,11,RH04,2.5488,2.55260440191373,1440,0.14926247307478685,456
1,A,4,24,80,RH03,2.4073,2.4193407383021492,5,0.5001760604058051,457
2,A,18,24,80,RH03,2.3836,2.3873349853587387,10,0.156695140071263,458
3,A,17,24,80,RH03,2.4041,2.4119000824396983,15,0.3244491676593523,459
4,A,20,24,80,RH03,2.3681,2.3807508543806333,20,0.5342196013949242,460
5,A,19,24,80,RH03,2.3895,2.3957575267909617,30,0.2618759904148143,461
6,A,7,24,80,RH03,2.4102,2.4199524726818917,61,0.4046333367310524,462
7,A,4,24,80,RH02,2.3848,2.4044003812742436,284,0.8218878427643321,463
8,A,17,24,80,RH01,2.4199,2.428295418094823,5631,0.3469324391430554,464
9,A,18,24,80,RH01,2.4,2.418496983206869,5630,0.7707076336195425,465
10,A,20,24,80,RH01,2.4065,2.410857881362799,5629,0.18108794360271457,466
11,A,17,24,80,RH01,2.493,2.509926005446628,1440,0.6789412533745849,467
12,A,18,24,80,RH01,2.4084,2.431339301597977,1440,0.9524705861973701,468
13,A,20,24,80,RH01,2.4395,2.434096669725818,1440,-0.2214933500381867,469
14,A,20,24,80,RH02,2.4218,2.428603597210905,480,0.280931423358857,470
15,A,18,24,80,RH03,2.3842,2.4007254060968712,960,0.6931216381541621,471
16,A,17,24,80,RH01,2.3832,2.394140946707947,2880,0.45908638418710224,472
17,A,20,24,80,RH02,2.4071,2.422297075695376,1440,0.6313437620113926,473
18,B,20,24,80,RH02,2.4422,2.452583743490904,1440,0.4251798988987059,474
19,A,3,24,56,RH03,2.4438,2.4553664279164464,1440,0.47329682938237616,475
20,B,3,24,56,RH03,2.4488,2.4691221667084133,1440,0.8298826653223254,476
21,A,2,24,33,RH04,2.4388,2.453951796116807,1440,0.6212807986225607,477
22,B,2,24,33,RH04,2.4288,2.4358761324582816,1440,0.29134273955375845,478
23,A,1,24,11,RH04,2.3825,2.3917972903525593,1440,0.39023254365411375,479
24,B,1,24,11,RH04,2.5488,2.560845503506844,1440,0.4725950842295805,480
1,A,4,24,80,RH03,2.4073,2.4219106850390206,5,0.6069324570689238,481
2,A,18,24,80,RH03,2.3836,2.4108354960309537,10,1.1426202395936316,482
3,A,17,24,80,RH03,2.4041,2.4228841326985604,15,0.7813374110295077,483
4,A,20,24,80,RH03,2.3681,2.37809795102042,20,0.42219294034964766,484
5,A,19,24,80,RH03,2.3895,2.410536302001032,30,0.8803641766491834,485
6,A,7,24,80,RH03,2.4102,2.4197824102078305,61,0.3975773880935346,486
7,A,4,24,80,RH02,2.3848,2.382619401825523,284,-0.09143736055335616,487
8,A,17,24,80,RH01,2.4199,2.4251650758086334,5631,0.21757410672477878,488
9,A,18,24,80,RH01,2.4,2.3990102981686134,5630,-0.04123757630775671,489
10,A,20,24,80,RH01,2.4065,2.4164760484019636,5629,0.4145459547876074,490
11,A,17,24,80,RH01,2.493,2.5061013510579584,1440,0.5255255137568655,491
12,A,18,24,80,RH01,2.4084,2.433036274868651,1440,1.022931193682585,492
13,A,20,24,80,RH01,2.4395,2.454578017984893,1440,0.6180782121292488,493
14,A,20,24,80,RH02,2.4218,2.4328015070179925,480,0.4542698413573407,494
15,A,18,24,80,RH03,2.3842,2.4025302463599725,960,0.7688216743550468,495
16,A,17,24,80,RH01,2.3832,2.3797839069947173,2880,-0.14334059270236554,496
17,A,20,24,80,RH02,2.4071,2.4213183634084694,1440,0.5906843674325698,497
18,B,20,24,80,RH02,2.4422,2.4478316439646908,1440,0.23059716504344097,498
19,A,3,24,56,RH03,2.4438,2.4648930783923673,1440,0.8631262129620787,499
20,B,3,24,56,RH03,2.4488,2.4601407088746634,1440,0.46311290732864246,500
21,A,2,24,33,RH04,2.4388,2.45611144524518,1440,0.7098345598318855,501
22,B,2,24,33,RH04,2.4288,2.4537850279069287,1440,1.0286984480784278,502
23,A,1,24,11,RH04,2.3825,2.396663156640581,1440,0.5944661758901009,503
24,B,1,24,11,RH04,2.5488,2.553213871891828,1440,0.17317450925251365,504
1,A,4,24,80,RH03,2.4073,2.4258145622335014,5,0.7691007449632736,505
2,A,18,24,80,RH03,2.3836,2.3898730357776907,10,0.2631748522273399,506
3,A,17,24,80,RH03,2.4041,2.4171174771726975,15,0.5414698711658178,507
4,A,20,24,80,RH03,2.3681,2.3770206982009467,20,0.37670276597046504,508
5,A,19,24,80,RH03,2.3895,2.405358966880863,30,0.6636939477239175,509
6,A,7,24,80,RH03,2.4102,2.4251456172184875,61,0.6200986315860845,510
7,A,4,24,80,RH02,2.3848,2.4046239357771984,284,0.8312619832773698,511
8,A,17,24,80,RH01,2.4199,2.4287809139492342,5631,0.3669950803435759,512
9,A,18,24,80,RH01,2.4,2.4105369004658876,5630,0.43903751941198865,513
10,A,20,24,80,RH01,2.4065,2.4119476153539097,5629,0.2263708852653078,514
11,A,17,24,80,RH01,2.493,2.502640730707891,1440,0.3867120219771666,515
12,A,18,24,80,RH01,2.4084,2.4236497515223476,1440,0.6331901479134556,516
13,A,20,24,80,RH01,2.4395,2.457725421190919,1440,0.7470965849936055,517
14,A,20,24,80,RH02,2.4218,2.42769346005372,480,0.24335040274671238,518
15,A,18,24,80,RH03,2.3842,2.402817783304148,960,0.7808817760316981,519
16,A,17,24,80,RH01,2.3832,2.4052849084353123,2880,0.9266913576414852,520
17,A,20,24,80,RH02,2.4071,2.422602457466649,1440,0.6440304709671103,521
18,B,20,24,80,RH02,2.4422,2.4583972175207065,1440,0.6632224027805413,522
19,A,3,24,56,RH03,2.4438,2.4473826985081426,1440,0.14660358900657494,523
20,B,3,24,56,RH03,2.4488,2.4638128396388908,1440,0.6130692436658992,524
21,A,2,24,33,RH04,2.4388,2.456269360888149,1440,0.7163096969062174,525
22,B,2,24,33,RH04,2.4288,2.443199715301402,1440,0.592873653713855,526
23,A,1,24,11,RH04,2.3825,2.386844567034435,1440,0.1823532858104871,527
24,B,1,24,11,RH04,2.5488,2.5755093021371502,1440,1.0479167505159335,528
1,A,4,24,80,RH03,2.4073,2.4206079982671573,5,0.5528184383814678,529
2,A,18,24,80,RH03,2.3836,2.4011845319741747,10,0.7377299871696076,530
3,A,17,24,80,RH03,2.4041,2.4200705028820546,15,0.664302769521014,531
4,A,20,24,80,RH03,2.3681,2.3820046592736865,20,0.5871652072837394,532
5,A,19,24,80,RH03,2.3895,2.39625888386614,30,0.28285766336640644,533
6,A,7,24,80,RH03,2.4102,2.426142039103108,61,0.6614405071407987,534
7,A,4,24,80,RH02,2.3848,2.4106657160575806,284,1.08460734894251,535
8,A,17,24,80,RH01,2.4199,2.442250825909072,5631,0.9236260138464933,536
9,A,18,24,80,RH01,2.4,2.4239509437118034,5630,0.9979559879918192,537
10,A,20,24,80,RH01,2.4065,2.415323078424005,5629,0.36663529707064446,538
11,A,17,24,80,RH01,2.493,2.4985623455492862,1440,0.22311855392242574,539
12,A,18,24,80,RH01,2.4084,2.420014844344896,1440,0.4822639239701056,540
13,A,20,24,80,RH01,2.4395,2.4525932227705844,1440,0.5367174736866084,541
14,A,20,24,80,RH02,2.4218,2.442343099058299,480,0.8482574555412845,542
15,A,18,24,80,RH03,2.3842,2.3844923174895016,960,0.012260611085554207,543
16,A,17,24,80,RH01,2.3832,2.4065283129640154,2880,0.9788650958381842,544
17,A,20,24,80,RH02,2.4071,2.4184758975619913,1440,0.4725976304263032,545
18,B,20,24,80,RH02,2.4422,2.4453990981861677,1440,0.13099247343246573,546
19,A,3,24,56,RH03,2.4438,2.4443753437958833,1440,0.023542998440269247,547
20,B,3,24,56,RH03,2.4488,2.4661039433661647,1440,0.7066295069489041,548
21,A,2,24,33,RH04,2.4388,2.4420438900731347,1440,0.13301173007768385,549
22,B,2,24,33,RH04,2.4288,2.432692123723916,1440,0.16024883580023833,550
23,A,1,24,11,RH04,2.3825,2.406818331352006,1440,1.0207064575868179,551
24,B,1,24,11,RH04,2.5488,2.5492368348505665,1440,0.017138843791847214,552
1,A,4,24,80,RH03,2.4073,2.418043228165478,5,0.44627708077421674,553
2,A,18,24,80,RH03,2.3836,2.394044528297448,10,0.4381829290756989,554
3,A,17,24,80,RH03,2.4041,2.3971505644651123,15,-0.2890659928824715,555
4,A,20,24,80,RH03,2.3681,2.3800283929797974,20,0.5037115400446563,556
5,A,19,24,80,RH03,2.3895,2.400269945820199,30,0.45071964093739664,557
6,A,7,24,80,RH03,2.4102,2.4277670297414202,61,0.7288619094440255,558
7,A,4,24,80,RH02,2.3848,2.4104291314856767,284,1.0746868284836035,559
8,A,17,24,80,RH01,2.4199,2.440662004145008,5631,0.8579695088643272,560
9,A,18,24,80,RH01,2.4,2.410544001428005,5630,0.4393333928335509,561
10,A,20,24,80,RH01,2.4065,2.4110252362018394,5629,0.18804222737749893,562
11,A,17,24,80,RH01,2.493,2.5252097579685056,1440,1.292007940974958,563
12,A,18,24,80,RH01,2.4084,2.4213515450294416,1440,0.5377655302043465,564
13,A,20,24,80,RH01,2.4395,2.4522873415228648,1440,0.5241787875738839,565
14,A,20,24,80,RH02,2.4218,2.4342180815921113,480,0.512762473866999,566
15,A,18,24,80,RH03,2.3842,2.398014661059868,960,0.5794254282303565,567
16,A,17,24,80,RH01,2.3832,2.3945605207989082,2880,0.4766918764228173,568
17,A,20,24,80,RH02,2.4071,2.4154743345497156,1440,0.3479013979359291,569
18,B,20,24,80,RH02,2.4422,2.451988392077841,1440,0.40080223068712206,570
19,A,3,24,56,RH03,2.4438,2.45252369563291,1440,0.35697256865987054,571
20,B,3,24,56,RH03,2.4488,2.4588244055194757,1440,0.40935991177213615,572
21,A,2,24,33,RH04,2.4388,2.449616244686462,1440,0.4435068347737434,573
22,B,2,24,33,RH04,2.4288,2.4294195299294645,1440,0.025507655198634183,574
23,A,1,24,11,RH04,2.3825,2.402690545224116,1440,0.8474520555767385,575
24,B,1,24,11,RH04,2.5488,2.5525518328041903,1440,0.14719996877708097,576
1,A,4,24,80,RH03,2.4073,2.417343104464311,5,0.4171937217758954,577
2,A,18,24,80,RH03,2.3836,2.3933386206554372,10,0.4085677402012626,578
3,A,17,24,80,RH03,2.4041,2.4064499234041867,15,0.09774649158465365,579
4,A,20,24,80,RH03,2.3681,2.374888276906348,20,0.28665499372273745,580
5,A,19,24,80,RH03,2.3895,2.393964237051778,30,0.1868272463602514,581
6,A,7,24,80,RH03,2.4102,2.435403006668219,61,1.0456811330270868,582
7,A,4,24,80,RH02,2.3848,2.403895177495934,284,0.8007035179442383,583
8,A,17,24,80,RH01,2.4199,2.4417145885231295,5631,0.9014665284982477,584
9,A,18,24,80,RH01,2.4,2.4176760388611114,5630,0.7365016192129705,585
10,A,20,24,80,RH01,2.4065,2.410862610737697,5629,0.18128446863483128,586
11,A,17,24,80,RH01,2.493,2.5020407129284936,1440,0.36264392011606794,587
12,A,18,24,80,RH01,2.4084,2.4244595090797842,1440,0.6668123683683754,588
13,A,20,24,80,RH01,2.4395,2.443241257630624,1440,0.1533616573324164,589
14,A,20,24,80,RH02,2.4218,2.4395735787945747,480,0.7338995290517164,590
15,A,18,24,80,RH03,2.3842,2.3948788885571344,960,0.4479023805525595,591
16,A,17,24,80,RH01,2.3832,2.392912821154343,2880,0.40755375773512076,592
17,A,20,24,80,RH02,2.4071,2.4247509752183873,1440,0.7332879904610474,593
18,B,20,24,80,RH02,2.4422,2.4544247450081325,1440,0.5005628125514839,594
19,A,3,24,56,RH03,2.4438,2.4650072705203847,1440,0.8677989410092743,595
20,B,3,24,56,RH03,2.4488,2.460764053589602,1440,0.4885680165632996,596
21,A,2,24,33,RH04,2.4388,2.4558211260438,1440,0.6979303773905151,597
22,B,2,24,33,RH04,2.4288,2.442302442869653,1440,0.5559306188098374,598
23,A,1,24,11,RH04,2.3825,2.3859466657127864,1440,0.14466592708440912,599
24,B,1,24,11,RH04,2.5488,2.5653502444370115,1440,0.6493347629084836,600
1,A,4,24,80,RH03,2.4073,2.416042906618114,5,0.36318309384428815,601
2,A,18,24,80,RH03,2.3836,2.403495975172114,10,0.8347027677510668,602
3,A,17,24,80,RH03,2.4041,2.4115213820006987,15,0.3086968928371723,603
4,A,20,24,80,RH03,2.3681,2.3704079884122446,20,0.09746161109093215,604
5,A,19,24,80,RH03,2.3895,2.390766703769594,30,0.05301124794282891,605
6,A,7,24,80,RH03,2.4102,2.4271148555542,61,0.7018029854036919,606
7,A,4,24,80,RH02,2.3848,2.3880402562405005,284,0.1358711942511151,607
8,A,17,24,80,RH01,2.4199,2.4452227593229523,5631,1.0464382545953095,608
9,A,18,24,80,RH01,2.4,2.397490108263237,5630,-0.10457882236511662,609
10,A,20,24,80,RH01,2.4065,2.4312613667508702,5629,1.0289369104870114,610
11,A,17,24,80,RH01,2.493,2.5075417996372082,1440,0.5833052401607856,611
12,A,18,24,80,RH01,2.4084,2.4202249084241143,1440,0.4909860664388823,612
13,A,20,24,80,RH01,2.4395,2.4481974096631887,1440,0.3565242739573151,613
14,A,20,24,80,RH02,2.4218,2.4372932435252137,480,0.6397408343056212,614
15,A,18,24,80,RH03,2.3842,2.396328654027436,960,0.5087095892725455,615
16,A,17,24,80,RH01,2.3832,2.4034808071356655,2880,0.8509905646049565,616
17,A,20,24,80,RH02,2.4071,2.420441792119283,1440,0.5542682945986119,617
18,B,20,24,80,RH02,2.4422,2.4529695326896785,1440,0.4409766886282187,618
19,A,3,24,56,RH03,2.4438,2.4560902688542514,1440,0.5029163128836798,619
20,B,3,24,56,RH03,2.4488,2.4504776688635133,1440,0.06850983598142424,620
21,A,2,24,33,RH04,2.4388,2.441617896177706,1440,0.1155443733682861,621
22,B,2,24,33,RH04,2.4288,2.4462852335915,1440,0.7199124502429256,622
23,A,1,24,11,RH04,2.3825,2.393573979103419,1440,0.46480499909419626,623
24,B,1,24,11,RH04,2.5488,2.5648054775690716,1440,0.62796129822158,624
1,A,4,24,80,RH03,2.4073,2.415919869564774,5,0.3580720959071916,625
2,A,18,24,80,RH03,2.3836,2.3904292185695932,10,0.2865085823793062,626
3,A,17,24,80,RH03,2.4041,2.418013814733341,15,0.5787535765293045,627
4,A,20,24,80,RH03,2.3681,2.3734634662759895,20,0.22648816671549044,628
5,A,19,24,80,RH03,2.3895,2.4048519598793394,30,0.6424758267143416,629
6,A,7,24,80,RH03,2.4102,2.4104223389911983,61,0.009224918728647946,630
7,A,4,24,80,RH02,2.3848,2.4045639510916827,284,0.8287466911976931,631
8,A,17,24,80,RH01,2.4199,2.435914395943074,5631,0.6617792447239129,632
9,A,18,24,80,RH01,2.4,2.4143234140870597,5630,0.5968089202941627,633
10,A,20,24,80,RH01,2.4065,2.4261083375585946,5629,0.8148072951836542,634
11,A,17,24,80,RH01,2.493,2.5184196833701358,1440,1.019642333338773,635
12,A,18,24,80,RH01,2.4084,2.428252706593769,1440,0.8243110195054391,636
13,A,20,24,80,RH01,2.4395,2.4387129619379992,1440,-0.032262269399493504,637
14,A,20,24,80,RH02,2.4218,2.4250967215058785,480,0.13612690997928956,638
15,A,18,24,80,RH03,2.3842,2.392128762641174,960,0.33255442669129637,639
16,A,17,24,80,RH01,2.3832,2.395779180572587,2880,0.5278273150632502,640
17,A,20,24,80,RH02,2.4071,2.4233550910845136,1440,0.6752977061407369,641
18,B,20,24,80,RH02,2.4422,2.452722982295651,1440,0.43088126671243043,642
19,A,3,24,56,RH03,2.4438,2.450969745569745,1440,0.29338512029400327,643
20,B,3,24,56,RH03,2.4488,2.448204895326181,1440,-0.02430188965285629,644
21,A,2,24,33,RH04,2.4388,2.4447270162781543,1440,0.24303002616672875,645
22,B,2,24,33,RH04,2.4288,2.4277532139892637,1440,-0.04309889701646652,646
23,A,1,24,11,RH04,2.3825,2.4024199047412544,1440,0.8360925389823519,647
24,B,1,24,11,RH04,2.5488,2.5773423504448627,1440,1.1198348416848285,648
1,A,4,24,80,RH03,2.4073,2.423380652548372,5,0.6679953702642668,649
2,A,18,24,80,RH03,2.3836,2.3973164461533174,10,0.5754508371084622,650
3,A,17,24,80,RH03,2.4041,2.4104105861819995,15,0.262492665945636,651
4,A,20,24,80,RH03,2.3681,2.385389331476285,20,0.7300929638226974,652
5,A,19,24,80,RH03,2.3895,2.3977989402426143,30,0.34730865212866785,653
6,A,7,24,80,RH03,2.4102,2.423615244165775,61,0.5566029443936085,654
7,A,4,24,80,RH02,2.3848,2.41551682882059,284,1.2880253614806385,655
8,A,17,24,80,RH01,2.4199,2.431786113945969,5631,0.4911820300826051,656
9,A,18,24,80,RH01,2.4,2.420754767949257,5630,0.8647819978857028,657
10,A,20,24,80,RH01,2.4065,2.4139372177988037,5629,0.30904707246223384,658
11,A,17,24,80,RH01,2.493,2.505701921079573,1440,0.5095034528509115,659
12,A,18,24,80,RH01,2.4084,2.4337180687525937,1440,1.051240190690653,660
13,A,20,24,80,RH01,2.4395,2.4475969415875802,1440,0.33190988266366983,661
14,A,20,24,80,RH02,2.4218,2.447561523753271,480,1.0637345673990786,662
15,A,18,24,80,RH03,2.3842,2.401660106493539,960,0.7323255806366427,663
16,A,17,24,80,RH01,2.3832,2.391571227539066,2880,0.3512599672317197,664
17,A,20,24,80,RH02,2.4071,2.4241837260060417,1440,0.7097223217166563,665
18,B,20,24,80,RH02,2.4422,2.464205537822937,1440,0.901053878590505,666
19,A,3,24,56,RH03,2.4438,2.4449958144885953,1440,0.0489325840328631,667
20,B,3,24,56,RH03,2.4488,2.456154162063464,1440,0.3003169741695749,668
21,A,2,24,33,RH04,2.4388,2.4509371752593325,1440,0.49766997126998613,669
22,B,2,24,33,RH04,2.4288,2.445739537354262,1440,0.6974447197901118,670
23,A,1,24,11,RH04,2.3825,2.3853446261961193,1440,0.11939669238696965,671
24,B,1,24,11,RH04,2.5488,2.5686606394080265,1440,0.7792152937863397,672
1,A,4,24,80,RH03,2.4073,2.4238607106359136,5,0.6879371343793119,673
2,A,18,24,80,RH03,2.3836,2.4037231668122963,10,0.8442342176663866,674
3,A,17,24,80,RH03,2.4041,2.422615816755253,15,0.7701766463646712,675
4,A,20,24,80,RH03,2.3681,2.383676273036863,20,0.657754023768531,676
5,A,19,24,80,RH03,2.3895,2.401422417097409,30,0.4989502865624059,677
6,A,7,24,80,RH03,2.4102,2.4107232958741194,61,0.0217117199452026,678
7,A,4,24,80,RH02,2.3848,2.4002746205869623,284,0.6488854657397758,679
8,A,17,24,80,RH01,2.4199,2.433991230302498,5631,0.5823063061489333,680
9,A,18,24,80,RH01,2.4,2.4144353676278065,5630,0.6014736511586121,681
10,A,20,24,80,RH01,2.4065,2.409796313656865,5629,0.1369754272539072,682
11,A,17,24,80,RH01,2.493,2.497878378134286,1440,0.19568303787752134,683
12,A,18,24,80,RH01,2.4084,2.4285329199959005,1440,0.8359458559998711,684
13,A,20,24,80,RH01,2.4395,2.4518959156065,1440,0.5081334538430035,685
14,A,20,24,80,RH02,2.4218,2.4393447351666913,480,0.7244502092117874,686
15,A,18,24,80,RH03,2.3842,2.3968003900171104,960,0.5284955128391383,687
16,A,17,24,80,RH01,2.3832,2.3958053844949387,2880,0.5289268418487236,688
17,A,20,24,80,RH02,2.4071,2.426392548848094,1440,0.8014851417927993,689
18,B,20,24,80,RH02,2.4422,2.4530831096138312,1440,0.44562728743882024,690
19,A,3,24,56,RH03,2.4438,2.453118634948388,1440,0.3813174133884873,691
20,B,3,24,56,RH03,2.4488,2.457134469188677,1440,0.3403491174729451,692
21,A,2,24,33,RH04,2.4388,2.453106979526781,1440,0.5866401314901138,693
22,B,2,24,33,RH04,2.4288,2.448254132128786,1440,0.8009771133393608,694
23,A,1,24,11,RH04,2.3825,2.388494794307386,1440,0.25161780933414885,695
24,B,1,24,11,RH04,2.5488,2.5577388035427355,1440,0.35070635368547576,696
1,A,4,24,80,RH03,2.4073,2.4302678895830145,5,0.9540933653061199,697
2,A,18,24,80,RH03,2.3836,2.397400243895879,10,0.5789664329534724,698
3,A,17,24,80,RH03,2.4041,2.4240432923720094,15,0.8295533618405905,699
4,A,20,24,80,RH03,2.3681,2.369860253441834,20,0.07433188808890845,700
5,A,19,24,80,RH03,2.3895,2.403839749830884,30,0.6001150797607777,701
6,A,7,24,80,RH03,2.4102,2.429165604430835,61,0.7868892386870312,702
7,A,4,24,80,RH02,2.3848,2.397789652572872,284,0.5446851967826273,703
8,A,17,24,80,RH01,2.4199,2.440218547878862,5631,0.8396441125196054,704
9,A,18,24,80,RH01,2.4,2.408755523159277,5630,0.36481346496988837,705
10,A,20,24,80,RH01,2.4065,2.42918858384442,5629,0.942804232055674,706
11,A,17,24,80,RH01,2.493,2.5231570590665484,1440,1.209669437085775,707
12,A,18,24,80,RH01,2.4084,2.418302098833111,1440,0.4111484318681023,708
13,A,20,24,80,RH01,2.4395,2.448924989797128,1440,0.3863492435797685,709
14,A,20,24,80,RH02,2.4218,2.4449527795800514,480,0.9560153431353102,710
15,A,18,24,80,RH03,2.3842,2.4078958877295538,960,0.9938716437192137,711
16,A,17,24,80,RH01,2.3832,2.3918543999498647,2880,0.3631419918540195,712
17,A,20,24,80,RH02,2.4071,2.4165826249377056,1440,0.39394395487124284,713
18,B,20,24,80,RH02,2.4422,2.443672840142338,1440,0.060307924917615496,714
19,A,3,24,56,RH03,2.4438,2.4497727551195454,1440,0.24440441605474056,715
20,B,3,24,56,RH03,2.4488,2.450975332148474,1440,0.08883257711834791,716
21,A,2,24,33,RH04,2.4388,2.4512279914899233,1440,0.5095945337839657,717
22,B,2,24,33,RH04,2.4288,2.45386504827561,1440,1.0319930943515272,718
23,A,1,24,11,RH04,2.3825,2.3877532644938193,1440,0.22049378777836276,719
24,B,1,24,11,RH04,2.5488,2.565435197559988,1440,0.6526678264276641,720
1,A,4,24,80,RH03,2.4073,2.4194607380352613,5,0.5051608871042701,721
2,A,18,24,80,RH03,2.3836,2.4008202192245847,10,0.7224458476499811,722
3,A,17,24,80,RH03,2.4041,2.4085039119638867,15,0.18318339353131047,723
4,A,20,24,80,RH03,2.3681,2.3831308735598156,20,0.6347229238552152,724
5,A,19,24,80,RH03,2.3895,2.4031186126545756,30,0.5699356624639168,725
6,A,7,24,80,RH03,2.4102,2.426293758109537,61,0.6677353792024447,726
7,A,4,24,80,RH02,2.3848,2.3992697881459737,284,0.6067505931723455,727
8,A,17,24,80,RH01,2.4199,2.4503082224257113,5631,1.2565900419732683,728
9,A,18,24,80,RH01,2.4,2.4078882721133903,5630,0.32867800472460523,729
10,A,20,24,80,RH01,2.4065,2.4151802674833642,5629,0.36070091349945477,730
11,A,17,24,80,RH01,2.493,2.501303132002869,1440,0.3330578420725707,731
12,A,18,24,80,RH01,2.4084,2.4169102467186434,1440,0.3533568642519236,732
13,A,20,24,80,RH01,2.4395,2.4475206823088067,1440,0.32878386180804475,733
14,A,20,24,80,RH02,2.4218,2.443032040705109,480,0.8767049593322656,734
15,A,18,24,80,RH03,2.3842,2.4067581386841725,960,0.9461512743969565,735
16,A,17,24,80,RH01,2.3832,2.3915120322982086,2880,0.3487761118751571,736
17,A,20,24,80,RH02,2.4071,2.4136062306999424,1440,0.2702933280687314,737
18,B,20,24,80,RH02,2.4422,2.453156104787385,1440,0.44861619799298946,738
19,A,3,24,56,RH03,2.4438,2.461148036328693,1440,0.7098795453266532,739
20,B,3,24,56,RH03,2.4488,2.4513923332205056,1440,0.10586136967109044,740
21,A,2,24,33,RH04,2.4388,2.462803927055011,1440,0.9842515603990185,741
22,B,2,24,33,RH04,2.4288,2.4456883918704833,1440,0.6953389274737884,742
23,A,1,24,11,RH04,2.3825,2.3921179031003574,1440,0.40368953201920477,743
24,B,1,24,11,RH04,2.5488,2.5660683778147155,1440,0.6775101151410885,744
1,A,4,24,80,RH03,2.4073,2.4245739008828164,5,0.7175632818018491,745
2,A,18,24,80,RH03,2.3836,2.4103692906158103,10,1.123061361629905,746
3,A,17,24,80,RH03,2.4041,2.4153251235111446,15,0.4669158317517852,747
4,A,20,24,80,RH03,2.3681,2.3747427768856255,20,0.28051082663846394,748
5,A,19,24,80,RH03,2.3895,2.392037750113978,30,0.10620423159564185,749
6,A,7,24,80,RH03,2.4102,2.4174479772531963,61,0.3007209880174243,750
7,A,4,24,80,RH02,2.3848,2.396963956385272,284,0.5100619081378609,751
8,A,17,24,80,RH01,2.4199,2.4455114317217803,5631,1.0583673590553362,752
9,A,18,24,80,RH01,2.4,2.4087531986469393,5630,0.3647166102891486,753
10,A,20,24,80,RH01,2.4065,2.420629437116857,5629,0.5871363854916696,754
11,A,17,24,80,RH01,2.493,2.505840773160272,1440,0.5150731311781744,755
12,A,18,24,80,RH01,2.4084,2.429510059079317,1440,0.8765179820344252,756
13,A,20,24,80,RH01,2.4395,2.470678754958756,1440,1.2780797277620866,757
14,A,20,24,80,RH02,2.4218,2.430536386017225,480,0.36073936812390384,758
15,A,18,24,80,RH03,2.3842,2.393097075443444,960,0.3731681672445334,759
16,A,17,24,80,RH01,2.3832,2.403057972606693,2880,0.8332482631207216,760
17,A,20,24,80,RH02,2.4071,2.424541063014038,1440,0.7245674468878934,761
18,B,20,24,80,RH02,2.4422,2.4681977055044344,1440,1.0645199207449958,762
19,A,3,24,56,RH03,2.4438,2.4538736459656034,1440,0.4122123727638822,763
20,B,3,24,56,RH03,2.4488,2.472571531083193,1440,0.9707420403133342,764
21,A,2,24,33,RH04,2.4388,2.457484735830512,1440,0.7661446543592092,765
22,B,2,24,33,RH04,2.4288,2.4516661127917287,1440,0.9414572130982057,766
23,A,1,24,11,RH04,2.3825,2.4032465402327103,1440,0.8707886771337019,767
24,B,1,24,11,RH04,2.5488,2.574059748957178,1440,0.9910447644843983,768
1,A,4,24,80,RH03,2.4073,2.41861104993576,5,0.46986457590494374,769
2,A,18,24,80,RH03,2.3836,2.3970438402289473,10,0.5640141059299969,770
3,A,17,24,80,RH03,2.4041,2.425303024619148,15,0.881952689952507,771
4,A,20,24,80,RH03,2.3681,2.3746103639126055,20,0.2749192987038292,772
5,A,19,24,80,RH03,2.3895,2.4045682346146555,30,0.6306019926618703,773
6,A,7,24,80,RH03,2.4102,2.4198889643835857,61,0.4019983563017918,774
7,A,4,24,80,RH02,2.3848,2.397406611961205,284,0.5286234468804453,775
8,A,17,24,80,RH01,2.4199,2.4417646569869706,5631,0.9035355587821896,776
9,A,18,24,80,RH01,2.4,2.413855913289743,5630,0.577329720405971,777
10,A,20,24,80,RH01,2.4065,2.4193490486594134,5629,0.5339309644468446,778
11,A,17,24,80,RH01,2.493,2.495793235921611,1440,0.11204315770602424,779
12,A,18,24,80,RH01,2.4084,2.4263155112652597,1440,0.7438760698081662,780
13,A,20,24,80,RH01,2.4395,2.4569093759796807,1440,0.7136452543423226,781
14,A,20,24,80,RH02,2.4218,2.4501102708667033,480,1.168976416991638,782
15,A,18,24,80,RH03,2.3842,2.3943964253966747,960,0.4276665295140998,783
16,A,17,24,80,RH01,2.3832,2.397159477182666,2880,0.5857450982991816,784
17,A,20,24,80,RH02,2.4071,2.4214177943951802,1440,0.5948151051132265,785
18,B,20,24,80,RH02,2.4422,2.4619061605520907,1440,0.8069019962366093,786
19,A,3,24,56,RH03,2.4438,2.4585533784140328,1440,0.6037064577311018,787
20,B,3,24,56,RH03,2.4488,2.4658818992083438,1440,0.6975620388902153,788
21,A,2,24,33,RH04,2.4388,2.4482154731025023,1440,0.38606991563484155,789
22,B,2,24,33,RH04,2.4288,2.450195481931681,1440,0.8809075235375932,790
23,A,1,24,11,RH04,2.3825,2.387551981897459,1440,0.21204541017668194,791
24,B,1,24,11,RH04,2.5488,2.55737818241158,1440,0.3365576903476233,792
1,A,4,24,80,RH03,2.4073,2.4284484672494324,5,0.8785139886774527,793
2,A,18,24,80,RH03,2.3836,2.3851027150812723,10,0.06304392856486762,794
3,A,17,24,80,RH03,2.4041,2.4125702079609233,15,0.3523234458185235,795
4,A,20,24,80,RH03,2.3681,2.3830939463240206,20,0.6331635625193562,796
5,A,19,24,80,RH03,2.3895,2.4131478590035664,30,0.9896572087703022,797
6,A,7,24,80,RH03,2.4102,2.4222576261622857,61,0.5002749216781037,798
7,A,4,24,80,RH02,2.3848,2.3932288405062256,284,0.35344014199204055,799
8,A,17,24,80,RH01,2.4199,2.4461401159770184,5631,1.0843471208321769,800
9,A,18,24,80,RH01,2.4,2.402054299917003,5630,0.08559582987512682,801
10,A,20,24,80,RH01,2.4065,2.403139520396181,5629,-0.13964178698602459,802
11,A,17,24,80,RH01,2.493,2.5092544680719486,1440,0.6520043350159997,803
12,A,18,24,80,RH01,2.4084,2.4172962378182072,1440,0.36938373269421665,804
13,A,20,24,80,RH01,2.4395,2.4447115076278285,1440,0.21363015486078607,805
14,A,20,24,80,RH02,2.4218,2.4395398529322088,480,0.7325069341898061,806
15,A,18,24,80,RH03,2.3842,2.3983416489853195,960,0.5931402141313596,807
16,A,17,24,80,RH01,2.3832,2.391559703421685,2880,0.3507764107789815,808
17,A,20,24,80,RH02,2.4071,2.4103714578458773,1440,0.13590868039873172,809
18,B,20,24,80,RH02,2.4422,2.4639246345246835,1440,0.8895518190436272,810
19,A,3,24,56,RH03,2.4438,2.455780662072288,1440,0.49024724086618515,811
20,B,3,24,56,RH03,2.4488,2.462716578624504,1440,0.5683019693116874,812
21,A,2,24,33,RH04,2.4388,2.4403204076394465,1440,0.06234244872257838,813
22,B,2,24,33,RH04,2.4288,2.437736589410172,1440,0.36794258111710176,814
23,A,1,24,11,RH04,2.3825,2.3966282687140334,1440,0.5930018347968076,815
24,B,1,24,11,RH04,2.5488,2.5635159914553785,1440,0.5773694073830231,816
1,A,4,24,80,RH03,2.4073,2.410779467432439,5,0.1445381727428668,817
2,A,18,24,80,RH03,2.3836,2.4063187919308073,10,0.9531293812219779,818
3,A,17,24,80,RH03,2.4041,2.4160088210560793,15,0.4953546464822294,819
4,A,20,24,80,RH03,2.3681,2.3883517247763515,20,0.8551887494764383,820
5,A,19,24,80,RH03,2.3895,2.4043822266455086,30,0.6228176039133113,821
6,A,7,24,80,RH03,2.4102,2.4260356398264133,61,0.6570259657461353,822
7,A,4,24,80,RH02,2.3848,2.401277303029693,284,0.6909301840696612,823
8,A,17,24,80,RH01,2.4199,2.4357337098331575,5631,0.6543125680051944,824
9,A,18,24,80,RH01,2.4,2.4171076038710466,5630,0.7128168279602631,825
10,A,20,24,80,RH01,2.4065,2.4286096166912907,5629,0.9187457590397294,826
11,A,17,24,80,RH01,2.493,2.507433381828197,1440,0.5789563509104411,827
12,A,18,24,80,RH01,2.4084,2.4260463739493283,1440,0.7327011272765537,828
13,A,20,24,80,RH01,2.4395,2.4515286693213585,1440,0.493079291713832,829
14,A,20,24,80,RH02,2.4218,2.444856387617127,480,0.9520351646348418,830
15,A,18,24,80,RH03,2.3842,2.3917598764202905,960,0.31708230938221915,831
16,A,17,24,80,RH01,2.3832,2.408468643719139,2880,1.0602821298732445,832
17,A,20,24,80,RH02,2.4071,2.419326927391012,1440,0.507952614806697,833
18,B,20,24,80,RH02,2.4422,2.4488495318975,1440,0.27227630404962716,834
19,A,3,24,56,RH03,2.4438,2.451514697878389,1440,0.3156845027575358,835
20,B,3,24,56,RH03,2.4488,2.4608564590439803,1440,0.4923415160070276,836
21,A,2,24,33,RH04,2.4388,2.4482173035292276,1440,0.38614497003556614,837
22,B,2,24,33,RH04,2.4288,2.4289554421807824,1440,0.006399958036170772,838
23,A,1,24,11,RH04,2.3825,2.3775643225129195,1440,-0.207163797988687,839
24,B,1,24,11,RH04,2.5488,2.5597940915937407,1440,0.4313438321461446,840
1,A,4,24,80,RH03,2.4073,2.4254929301657606,5,0.7557400475952496,841
2,A,18,24,80,RH03,2.3836,2.399037081932812,10,0.6476372685354894,842
3,A,17,24,80,RH03,2.4041,2.409627197962909,15,0.22990715706123616,843
4,A,20,24,80,RH03,2.3681,2.38007516421256,20,0.505686593157406,844
5,A,19,24,80,RH03,2.3895,2.401899575198529,30,0.5189192382728295,845
6,A,7,24,80,RH03,2.4102,2.4143573682783246,61,0.1724905932422372,846
7,A,4,24,80,RH02,2.3848,2.407956872810163,284,0.9710194905301452,847
8,A,17,24,80,RH01,2.4199,2.438852867020892,5631,0.7832086871727014,848
9,A,18,24,80,RH01,2.4,2.410889057948426,5630,0.4537107478511008,849
10,A,20,24,80,RH01,2.4065,2.4192079023146214,5629,0.5280657516983592,850
11,A,17,24,80,RH01,2.493,2.50752209502064,1440,0.5825148423842658,851
12,A,18,24,80,RH01,2.4084,2.4061717372286604,1440,-0.09252046052728713,852
13,A,20,24,80,RH01,2.4395,2.450376432326023,1440,0.44584678524382093,853
14,A,20,24,80,RH02,2.4218,2.429438471644597,480,0.31540472560066046,854
15,A,18,24,80,RH03,2.3842,2.3894336527172255,960,0.21951399703152535,855
16,A,17,24,80,RH01,2.3832,2.3935828853459826,2880,0.4356699121342136,856
17,A,20,24,80,RH02,2.4071,2.432598553716338,1440,1.0593059580548567,857
18,B,20,24,80,RH02,2.4422,2.4538447728850303,1440,0.4768148753185629,858
19,A,3,24,56,RH03,2.4438,2.460705593403235,1440,0.6917748344068476,859
20,B,3,24,56,RH03,2.4488,2.4751799720743737,1440,1.0772611921910311,860
21,A,2,24,33,RH04,2.4388,2.451918039638484,1440,0.5378891109760523,861
22,B,2,24,33,RH04,2.4288,2.443374734260931,1440,0.6000796385429622,862
23,A,1,24,11,RH04,2.3825,2.397701436792302,1440,0.6380456156265248,863
24,B,1,24,11,RH04,2.5488,2.5714738746227943,1440,0.8895901845101374,864
1,A,4,24,80,RH03,2.4073,2.4273977247547647,5,0.8348658145958006,865
2,A,18,24,80,RH03,2.3836,2.3921673600491724,10,0.3594294365318296,866
3,A,17,24,80,RH03,2.4041,2.4261027612195747,15,0.9152182196902977,867
4,A,20,24,80,RH03,2.3681,2.381817926871616,20,0.5792798814077199,868
5,A,19,24,80,RH03,2.3895,2.4168019075654144,30,1.1425782617875795,869
6,A,7,24,80,RH03,2.4102,2.4177497985625216,61,0.31324365457312964,870
7,A,4,24,80,RH02,2.3848,2.4096207394333655,284,1.0407891409495749,871
8,A,17,24,80,RH01,2.4199,2.4339202529147044,5631,0.5793732350387943,872
9,A,18,24,80,RH01,2.4,2.407789790373976,5630,0.32457459891566554,873
10,A,20,24,80,RH01,2.4065,2.415520386221045,5629,0.37483424978370355,874
11,A,17,24,80,RH01,2.493,2.5035677224820145,1440,0.423895807541704,875
12,A,18,24,80,RH01,2.4084,2.4239883637959427,1440,0.647249783920575,876
13,A,20,24,80,RH01,2.4395,2.456011771519188,1440,0.6768506464106498,877
14,A,20,24,80,RH02,2.4218,2.430225199991385,480,0.3478899988184263,878
15,A,18,24,80,RH03,2.3842,2.3964236413433944,960,0.5126936223217051,879
16,A,17,24,80,RH01,2.3832,2.410909016155931,2880,1.162681107583559,880
17,A,20,24,80,RH02,2.4071,2.432092027494248,1440,1.0382629510302133,881
18,B,20,24,80,RH02,2.4422,2.4573090556153034,1440,0.6186657773852665,882
19,A,3,24,56,RH03,2.4438,2.457387757668702,1440,0.5560093980154784,883
20,B,3,24,56,RH03,2.4488,2.457024682322271,1440,0.33586582498656176,884
21,A,2,24,33,RH04,2.4388,2.4495986903015963,1440,0.4427870387729965,885
22,B,2,24,33,RH04,2.4288,2.436233345363283,1440,0.3060501220060659,886
23,A,1,24,11,RH04,2.3825,2.399514832979025,1440,0.7141587819108224,887
24,B,1,24,11,RH04,2.5488,2.5716260010766034,1440,0.8955587365271351,888
1,A,4,24,80,RH03,2.4073,2.4109656029583637,5,0.15227030109929768,889
2,A,18,24,80,RH03,2.3836,2.3855232681065957,10,0.08068753593705397,890
3,A,17,24,80,RH03,2.4041,2.4182201338510003,15,0.5873355455679916,891
4,A,20,24,80,RH03,2.3681,2.3878530204712476,20,0.8341294907836463,892
5,A,19,24,80,RH03,2.3895,2.4139966356562157,30,1.0251783074373606,893
6,A,7,24,80,RH03,2.4102,2.4194150314489,61,0.382334721139318,894
7,A,4,24,80,RH02,2.3848,2.4049182741547006,284,0.8436042500293888,895
8,A,17,24,80,RH01,2.4199,2.4322039200639662,5631,0.5084474591497878,896
9,A,18,24,80,RH01,2.4,2.411237083440426,5630,0.46821181001775414,897
10,A,20,24,80,RH01,2.4065,2.425393382918685,5629,0.7850979812460017,898
11,A,17,24,80,RH01,2.493,2.5108423228076537,1440,0.715696863524026,899
12,A,18,24,80,RH01,2.4084,2.409533931387357,1440,0.04708235290472523,900
13,A,20,24,80,RH01,2.4395,2.462991460549469,1440,0.9629621049177688,901
14,A,20,24,80,RH02,2.4218,2.4444202757244233,480,0.9340274062442355,902
15,A,18,24,80,RH03,2.3842,2.392123440221183,960,0.3323311895471412,903
16,A,17,24,80,RH01,2.3832,2.3984224769426636,2880,0.6387410600312227,904
17,A,20,24,80,RH02,2.4071,2.4231844601842036,1440,0.6682090558848217,905
18,B,20,24,80,RH02,2.4422,2.4521408092016266,1440,0.40704320701115543,906
19,A,3,24,56,RH03,2.4438,2.4515838204402987,1440,0.31851298961858454,907
20,B,3,24,56,RH03,2.4488,2.470023942848999,1440,0.8667078915795203,908
21,A,2,24,33,RH04,2.4388,2.455458956171075,1440,0.6830800463783298,909
22,B,2,24,33,RH04,2.4288,2.4452523693057264,1440,0.6773867467772823,910
23,A,1,24,11,RH04,2.3825,2.3745290416190463,1440,-0.3345627861890226,911
24,B,1,24,11,RH04,2.5488,2.5546071605961678,1440,0.22783900644099087,912
1,A,4,24,80,RH03,2.4073,2.417200447765281,5,0.4112677175790604,913
2,A,18,24,80,RH03,2.3836,2.3879881845175075,10,0.18409903161215685,914
3,A,17,24,80,RH03,2.4041,2.4072636887926584,15,0.1315955572837283,915
4,A,20,24,80,RH03,2.3681,2.388660981745573,20,0.8682480362135558,916
5,A,19,24,80,RH03,2.3895,2.398572683938396,30,0.37968963960643265,917
6,A,7,24,80,RH03,2.4102,2.4252384709672423,61,0.6239511645192147,918
7,A,4,24,80,RH02,2.3848,2.3968652714104666,284,0.5059238263362448,919
8,A,17,24,80,RH01,2.4199,2.4359466532933918,5631,0.6631122481669365,920
9,A,18,24,80,RH01,2.4,2.4130331176156337,5630,0.5430465673180767,921
10,A,20,24,80,RH01,2.4065,2.4097512376374706,5629,0.13510233274342914,922
11,A,17,24,80,RH01,2.493,2.5134146795426453,1440,0.8188800458341421,923
12,A,18,24,80,RH01,2.4084,2.417356189935343,1440,0.37187302505160624,924
13,A,20,24,80,RH01,2.4395,2.440793555374658,1440,0.05302543040207475,925
14,A,20,24,80,RH02,2.4218,2.4312829321095184,480,0.3915654517102263,926
15,A,18,24,80,RH03,2.3842,2.4073321744784906,960,0.9702279371902933,927
16,A,17,24,80,RH01,2.3832,2.4016713853674143,2880,0.7750665226340478,928
17,A,20,24,80,RH02,2.4071,2.4170991983418,1440,0.4154043596776423,929
18,B,20,24,80,RH02,2.4422,2.450837034302778,1440,0.35365794377109944,930
19,A,3,24,56,RH03,2.4438,2.471733230166678,1440,1.1430243950682524,931
20,B,3,24,56,RH03,2.4488,2.4665635850277736,1440,0.7253995846036315,932
21,A,2,24,33,RH04,2.4388,2.4590197258630786,1440,0.8290850362095527,933
22,B,2,24,33,RH04,2.4288,2.440702217527579,1440,0.49004518805909175,934
23,A,1,24,11,RH04,2.3825,2.3934855894536646,1440,0.4610950452745065,935
24,B,1,24,11,RH04,2.5488,2.561404149310762,1440,0.4945130771642347,936
1,A,4,24,80,RH03,2.4073,2.4250728278011917,5,0.738288863091094,937
2,A,18,24,80,RH03,2.3836,2.3963661746402307,10,0.5355837657421898,938
3,A,17,24,80,RH03,2.4041,2.421885340028902,15,0.7397920231646737,939
4,A,20,24,80,RH03,2.3681,2.3798406851999347,20,0.4957850259674253,940
5,A,19,24,80,RH03,2.3895,2.402489096361781,30,0.5435905570948272,941
6,A,7,24,80,RH03,2.4102,2.4082848501304226,61,-0.07946020535963227,942
7,A,4,24,80,RH02,2.3848,2.4037567347158912,284,0.7948983024107444,943
8,A,17,24,80,RH01,2.4199,2.434998882388477,5631,0.6239465427693979,944
9,A,18,24,80,RH01,2.4,2.4196656727909893,5630,0.8194030329578956,945
10,A,20,24,80,RH01,2.4065,2.3981042842971307,5629,-0.3488766134581067,946
11,A,17,24,80,RH01,2.493,2.521582554417055,1440,1.1465124114342182,947
12,A,18,24,80,RH01,2.4084,2.419915117018653,1440,0.4781231115534479,948
13,A,20,24,80,RH01,2.4395,2.460295635944293,1440,0.852454845021255,949
14,A,20,24,80,RH02,2.4218,2.4268380274770625,480,0.20802822186234077,950
15,A,18,24,80,RH03,2.3842,2.4009807666333502,960,0.703832171518771,951
16,A,17,24,80,RH01,2.3832,2.3880611400895337,2880,0.20397533104790316,952
17,A,20,24,80,RH02,2.4071,2.4151124972041274,1440,0.33286931179125845,953
18,B,20,24,80,RH02,2.4422,2.4628512810673944,1440,0.8456015505443533,954
19,A,3,24,56,RH03,2.4438,2.4581018473664296,1440,0.5852298619539169,955
20,B,3,24,56,RH03,2.4488,2.469436481139623,1440,0.8427181125295323,956
21,A,2,24,33,RH04,2.4388,2.4525822848775927,1440,0.5651256715430729,957
22,B,2,24,33,RH04,2.4288,2.4607148418858595,1440,1.3140168760647275,958
23,A,1,24,11,RH04,2.3825,2.3944771696482023,1440,0.5027143608899244,959
24,B,1,24,11,RH04,2.5488,2.5711126062741667,1440,0.8754161281452771,960
1,A,4,24,80,RH03,2.4073,2.42780195773523,5,0.8516577798873952,961
2,A,18,24,80,RH03,2.3836,2.404482936309001,10,0.876109091668114,962
3,A,17,24,80,RH03,2.4041,2.4212080339803412,15,0.7116190666087554,963
4,A,20,24,80,RH03,2.3681,2.3722938701984893,20,0.17709852618085498,964
5,A,19,24,80,RH03,2.3895,2.4136346539393005,30,1.0100294596903288,965
6,A,7,24,80,RH03,2.4102,2.414444275001239,61,0.17609638209439366,966
7,A,4,24,80,RH02,2.3848,2.3993661351725057,284,0.61079063957171,967
8,A,17,24,80,RH01,2.4199,2.4270076636116142,5631,0.29371724499419266,968
9,A,18,24,80,RH01,2.4,2.41201820390453,5630,0.5007584960221022,969
10,A,20,24,80,RH01,2.4065,2.421387300221186,5629,0.6186287230910441,970
11,A,17,24,80,RH01,2.493,2.5083670306143526,1440,0.6164071646350819,971
12,A,18,24,80,RH01,2.4084,2.4239721418335005,1440,0.6465762262705854,972
13,A,20,24,80,RH01,2.4395,2.4639953459226054,1440,1.0041133807175942,973
14,A,20,24,80,RH02,2.4218,2.43768846811422,480,0.6560602904541939,974
15,A,18,24,80,RH03,2.3842,2.3948514852504204,960,0.44675300941280544,975
16,A,17,24,80,RH01,2.3832,2.4024854776183946,2880,0.8092261504865073,976
17,A,20,24,80,RH02,2.4071,2.4282064432416712,1440,0.8768411466773922,977
18,B,20,24,80,RH02,2.4422,2.453280223739507,1440,0.4536984579275589,978
19,A,3,24,56,RH03,2.4438,2.4616483378429783,1440,0.7303518226932695,979
20,B,3,24,56,RH03,2.4488,2.4701829055192563,1440,0.8731993433214875,980
21,A,2,24,33,RH04,2.4388,2.4503838933030355,1440,0.474983323890242,981
22,B,2,24,33,RH04,2.4288,2.440778689639921,1440,0.49319374340914757,982
23,A,1,24,11,RH04,2.3825,2.3950003512425884,1440,0.5246737142744403,983
24,B,1,24,11,RH04,2.5488,2.545454183048374,1440,-0.13127028215732867,984
1,A,4,24,80,RH03,2.4073,2.431333316116105,5,0.9983515189674916,985
2,A,18,24,80,RH03,2.3836,2.3899382687904454,10,0.26591159550450166,986
3,A,17,24,80,RH03,2.4041,2.409451100958016,15,0.2225822951631079,987
4,A,20,24,80,RH03,2.3681,2.365115790615925,20,-0.12601703408111442,988
5,A,19,24,80,RH03,2.3895,2.397345002711688,30,0.32831147569314933,989
6,A,7,24,80,RH03,2.4102,2.4131663069397877,61,0.12307306197775053,990
7,A,4,24,80,RH02,2.3848,2.4089485932616794,284,1.0126045480409107,991
8,A,17,24,80,RH01,2.4199,2.4398144491235008,5631,0.8229451268027903,992
9,A,18,24,80,RH01,2.4,2.4075253175147204,5630,0.3135548964466829,993
10,A,20,24,80,RH01,2.4065,2.4352752602966827,5629,1.1957307416032927,994
11,A,17,24,80,RH01,2.493,2.5133062240772097,1440,0.8145296460974782,995
12,A,18,24,80,RH01,2.4084,2.4185767082878735,1440,0.42255058494741327,996
13,A,20,24,80,RH01,2.4395,2.4338934992756975,1440,-0.2298217144620719,997
14,A,20,24,80,RH02,2.4218,2.451037974166901,480,1.2072827717772225,998
15,A,18,24,80,RH03,2.3842,2.3866587839742266,960,0.10312825997092123,999
16,A,17,24,80,RH01,2.3832,2.3838286971187572,2880,0.02638037591293252,1000
17,A,20,24,80,RH02,2.4071,2.427001207860671,1440,0.8267711296028921,1001
18,B,20,24,80,RH02,2.4422,2.4769581798856226,1440,1.42323232682101,1002
19,A,3,24,56,RH03,2.4438,2.4606420033227514,1440,0.6891727360157078,1003
20,B,3,24,56,RH03,2.4488,2.4707161609247636,1440,0.8949755359671496,1004
21,A,2,24,33,RH04,2.4388,2.457034385134316,1440,0.7476785769360296,1005
22,B,2,24,33,RH04,2.4288,2.4435549263849086,1440,0.607498615979438,1006
23,A,1,24,11,RH04,2.3825,2.394441615618338,1440,0.5012220616301433,1007
24,B,1,24,11,RH04,2.5488,2.556064196204039,1440,0.28500455916663253,1008
1,A,4,24,80,RH03,2.4073,2.407591595183563,5,0.01211295574138438,1009
2,A,18,24,80,RH03,2.3836,2.395291512996716,10,0.49049811196157506,1010
3,A,17,24,80,RH03,2.4041,2.4094713043578957,15,0.2234226678547248,1011
4,A,20,24,80,RH03,2.3681,2.372573890413704,20,0.18892320483526875,1012
5,A,19,24,80,RH03,2.3895,2.4032149712225435,30,0.5739682453460435,1013
6,A,7,24,80,RH03,2.4102,2.4327980517316434,61,0.9376006859033799,1014
7,A,4,24,80,RH02,2.3848,2.403770964325983,284,0.7954949818006939,1015
8,A,17,24,80,RH01,2.4199,2.421082116767877,5631,0.04884981891304696,1016
9,A,18,24,80,RH01,2.4,2.4053546774166934,5630,0.2231115590288988,1017
10,A,20,24,80,RH01,2.4065,2.4258056975916804,5629,0.8022313563964647,1018
11,A,17,24,80,RH01,2.493,2.498615576783727,1440,0.22525378193850715,1019
12,A,18,24,80,RH01,2.4084,2.4193006605646414,1440,0.45261005500089263,1020
13,A,20,24,80,RH01,2.4395,2.456210956286711,1440,0.6850156297073655,1021
14,A,20,24,80,RH02,2.4218,2.4273579501976337,480,0.22949666354090942,1022
15,A,18,24,80,RH03,2.3842,2.3973515488452595,960,0.5516126518437879,1023
16,A,17,24,80,RH01,2.3832,2.3860548913215327,2880,0.11979235152453871,1024
17,A,20,24,80,RH02,2.4071,2.4152742638327354,1440,0.33958970681463596,1025
18,B,20,24,80,RH02,2.4422,2.444790154991033,1440,0.10605826676900659,1026
19,A,3,24,56,RH03,2.4438,2.4597370564938825,1440,0.6521424213881197,1027
20,B,3,24,56,RH03,2.4488,2.4654963941171064,1440,0.6818194265398081,1028
21,A,2,24,33,RH04,2.4388,2.4531200053704705,1440,0.5871742402193985,1029
22,B,2,24,33,RH04,2.4288,2.448968644368734,1440,0.8303954367891411,1030
23,A,1,24,11,RH04,2.3825,2.391819823894807,1440,0.39117833766242416,1031
24,B,1,24,11,RH04,2.5488,2.5668314578006814,1440,0.7074489093173731,1032
1,A,4,24,80,RH03,2.4073,2.4201708225418854,5,0.5346580210977113,1033
2,A,18,24,80,RH03,2.3836,2.3962849830654607,10,0.5321775073611648,1034
3,A,17,24,80,RH03,2.4041,2.411538345350032,15,0.30940249365797345,1035
4,A,20,24,80,RH03,2.3681,2.3757046730114433,20,0.32112972473471557,1036
5,A,19,24,80,RH03,2.3895,2.391870824109104,30,0.099218418460092,1037
6,A,7,24,80,RH03,2.4102,2.435383529599288,61,1.0448730229560819,1038
7,A,4,24,80,RH02,2.3848,2.388301864868716,284,0.1468410293826145,1039
8,A,17,24,80,RH01,2.4199,2.427453196135561,5631,0.3121284406612278,1040
9,A,18,24,80,RH01,2.4,2.4073074676879016,5630,0.30447782032924076,1041
10,A,20,24,80,RH01,2.4065,2.4254747065393505,5629,0.7884773130833325,1042
11,A,17,24,80,RH01,2.493,2.503757671356054,1440,0.43151509651239167,1043
12,A,18,24,80,RH01,2.4084,2.4299388660234817,1440,0.8943226218021201,1044
13,A,20,24,80,RH01,2.4395,2.447256458866471,1440,0.3179528127268395,1045
14,A,20,24,80,RH02,2.4218,2.436420364186221,480,0.6036982486671406,1046
15,A,18,24,80,RH03,2.3842,2.3906229366668543,960,0.2693958840220728,1047
16,A,17,24,80,RH01,2.3832,2.410929598203929,2880,1.1635447383320163,1048
17,A,20,24,80,RH02,2.4071,2.411040915536662,1440,0.16372047429114617,1049
18,B,20,24,80,RH02,2.4422,2.46105615797287,1440,0.772097206325035,1050
19,A,3,24,56,RH03,2.4438,2.459541486703056,1440,0.6441397292354495,1051
20,B,3,24,56,RH03,2.4488,2.4596725803733586,1440,0.4439962583044305,1052
21,A,2,24,33,RH04,2.4388,2.451802302253588,1440,0.533143441593733,1053
22,B,2,24,33,RH04,2.4288,2.4477388918735037,1440,0.7797633347127751,1054
23,A,1,24,11,RH04,2.3825,2.410688713153874,1440,1.1831569004774054,1055
24,B,1,24,11,RH04,2.5488,2.5487378283736906,1440,-0.0024392508752900666,1056
1,A,4,24,80,RH03,2.4073,2.419180395875012,5,0.4935153854946236,1057
2,A,18,24,80,RH03,2.3836,2.4144417055316985,10,1.2939128012962957,1058
3,A,17,24,80,RH03,2.4041,2.410804977913432,15,0.2788976296090808,1059
4,A,20,24,80,RH03,2.3681,2.3920588975209163,20,1.0117350416332203,1060
5,A,19,24,80,RH03,2.3895,2.413951998285707,30,1.023310244222932,1061
6,A,7,24,80,RH03,2.4102,2.4187302648595064,61,0.35392352748760164,1062
7,A,4,24,80,RH02,2.3848,2.4012716925417226,284,0.6906949237555826,1063
8,A,17,24,80,RH01,2.4199,2.4443051509649267,5631,1.0085189869385613,1064
9,A,18,24,80,RH01,2.4,2.40975028026489,5630,0.4062616777037539,1065
10,A,20,24,80,RH01,2.4065,2.417544051590241,5629,0.4589258919692915,1066
11,A,17,24,80,RH01,2.493,2.5016132084445784,1440,0.3454957258154069,1067
12,A,18,24,80,RH01,2.4084,2.4135918596693977,1440,0.21557298079214,1068
13,A,20,24,80,RH01,2.4395,2.4474336622864343,1440,0.3252167364801979,1069
14,A,20,24,80,RH02,2.4218,2.425500944385866,480,0.15281791997132305,1070
15,A,18,24,80,RH03,2.3842,2.396841625415071,960,0.5302250404777679,1071
16,A,17,24,80,RH01,2.3832,2.3900876393872235,2880,0.2890080306824075,1072
17,A,20,24,80,RH02,2.4071,2.421305158204814,1440,0.5901357735372244,1073
18,B,20,24,80,RH02,2.4422,2.4497240504150253,1440,0.3080849404236116,1074
19,A,3,24,56,RH03,2.4438,2.4626186942291395,1440,0.7700586884826774,1075
20,B,3,24,56,RH03,2.4488,2.45451720950167,1440,0.23346984243998053,1076
21,A,2,24,33,RH04,2.4388,2.4604638774165317,1440,0.8883006977419876,1077
22,B,2,24,33,RH04,2.4288,2.4477408392270594,1440,0.7798435123130699,1078
23,A,1,24,11,RH04,2.3825,2.3978839383694437,1440,0.6457057028098135,1079
24,B,1,24,11,RH04,2.5488,2.558033458888684,1440,0.36226690555100644,1080
1,A,4,24,80,RH03,2.4073,2.423850141129541,5,0.6874980737565167,1081
2,A,18,24,80,RH03,2.3836,2.396538219352912,10,0.5428016174237235,1082
3,A,17,24,80,RH03,2.4041,2.420486989844321,15,0.6816267977339108,1083
4,A,20,24,80,RH03,2.3681,2.373873378592686,20,0.24379792207619017,1084
5,A,19,24,80,RH03,2.3895,2.403139463067103,30,0.5708082472108235,1085
6,A,7,24,80,RH03,2.4102,2.412511035958679,61,0.09588565092850598,1086
7,A,4,24,80,RH02,2.3848,2.396405204266687,284,0.4866321815953899,1087
8,A,17,24,80,RH01,2.4199,2.4259213816952583,5631,0.2488277075605631,1088
9,A,18,24,80,RH01,2.4,2.4071841844133535,5630,0.29934101722307005,1089
10,A,20,24,80,RH01,2.4065,2.427937774678431,5629,0.8908279525631313,1090
11,A,17,24,80,RH01,2.493,2.5141255083919245,1440,0.8473930361782807,1091
12,A,18,24,80,RH01,2.4084,2.4253248247511787,1440,0.7027414362721531,1092
13,A,20,24,80,RH01,2.4395,2.4441913090317433,1440,0.19230617059822636,1093
14,A,20,24,80,RH02,2.4218,2.432094526049587,480,0.4250774650915594,1094
15,A,18,24,80,RH03,2.3842,2.405274642608871,960,0.8839293099937551,1095
16,A,17,24,80,RH01,2.3832,2.39660585924576,2880,0.5625150740919714,1096
17,A,20,24,80,RH02,2.4071,2.4363654944070694,1440,1.2157988619945082,1097
18,B,20,24,80,RH02,2.4422,2.458227628711614,1440,0.6562783028258838,1098
19,A,3,24,56,RH03,2.4438,2.4542415035543454,1440,0.42726506073924964,1099
20,B,3,24,56,RH03,2.4488,2.4610676855292755,1440,0.5009672300422933,1100
21,A,2,24,33,RH04,2.4388,2.4566625663221244,1440,0.7324326030065771,1101
22,B,2,24,33,RH04,2.4288,2.440350003569016,1440,0.47554362520653204,1102
23,A,1,24,11,RH04,2.3825,2.3853740124644456,1440,0.1206301139326666,1103
24,B,1,24,11,RH04,2.5488,2.556577824372172,1440,0.30515632345310373,1104
1,A,4,24,80,RH03,2.4073,2.4118495567068727,5,0.18899001814783795,1105
2,A,18,24,80,RH03,2.3836,2.3805998299479154,10,-0.12586717788574486,1106
3,A,17,24,80,RH03,2.4041,2.4194038654694587,15,0.6365735813592892,1107
4,A,20,24,80,RH03,2.3681,2.398125136471698,20,1.267899855229837,1108
5,A,19,24,80,RH03,2.3895,2.401881880670626,30,0.518178726538032,1109
6,A,7,24,80,RH03,2.4102,2.4287958313937503,61,0.7715472323354926,1110
7,A,4,24,80,RH02,2.3848,2.3977863999627926,284,0.5445488075642695,1111
8,A,17,24,80,RH01,2.4199,2.4317655707847283,5631,0.49033310404265723,1112
9,A,18,24,80,RH01,2.4,2.419097350677512,5630,0.7957229448963306,1113
10,A,20,24,80,RH01,2.4065,2.41691816292823,5629,0.4329176367434046,1114
11,A,17,24,80,RH01,2.493,2.5079634271169433,1440,0.6002176942215709,1115
12,A,18,24,80,RH01,2.4084,2.4232480109893273,1440,0.6165093418588041,1116
13,A,20,24,80,RH01,2.4395,2.447295980015013,1440,0.3195728639070854,1117
14,A,20,24,80,RH02,2.4218,2.4416009444863227,480,0.8176127048609568,1118
15,A,18,24,80,RH03,2.3842,2.3953464228442605,960,0.4675120729913774,1119
16,A,17,24,80,RH01,2.3832,2.3901893644076897,2880,0.2932764521521466,1120
17,A,20,24,80,RH02,2.4071,2.4234912185333743,1440,0.6809529530711211,1121
18,B,20,24,80,RH02,2.4422,2.4507174350573204,1440,0.348760750852531,1122
19,A,3,24,56,RH03,2.4438,2.4564409049880025,1440,0.5172643010067389,1123
20,B,3,24,56,RH03,2.4488,2.4703393652212458,1440,0.8795885830303015,1124
21,A,2,24,33,RH04,2.4388,2.451298652759037,1440,0.5124919123764569,1125
22,B,2,24,33,RH04,2.4288,2.455531749860155,1440,1.1006155245452514,1126
23,A,1,24,11,RH04,2.3825,2.39887594916465,1440,0.6873430919055586,1127
24,B,1,24,11,RH04,2.5488,2.5520757089478714,1440,0.12851965426362827,1128
1,A,4,24,80,RH03,2.4073,2.412125815636636,5,0.20046590107738826,1129
2,A,18,24,80,RH03,2.3836,2.393812119184101,10,0.42843258869359974,1130
3,A,17,24,80,RH03,2.4041,2.412205335144367,15,0.33714633935221505,1131
4,A,20,24,80,RH03,2.3681,2.3790858197722007,20,0.4639086091043662,1132
5,A,19,24,80,RH03,2.3895,2.402331494986625,30,0.5369949774691322,1133
6,A,7,24,80,RH03,2.4102,2.426563036429652,61,0.6789078263070193,1134
7,A,4,24,80,RH02,2.3848,2.396696583542254,284,0.49885036658227266,1135
8,A,17,24,80,RH01,2.4199,2.436015335983685,5631,0.6659504931478606,1136
9,A,18,24,80,RH01,2.4,2.412944215786633,5630,0.5393423244430361,1137
10,A,20,24,80,RH01,2.4065,2.404751919124208,5629,-0.0726399699061614,1138
11,A,17,24,80,RH01,2.493,2.498938310589629,1440,0.23819938185437373,1139
12,A,18,24,80,RH01,2.4084,2.4198826185924003,1440,0.47677373328351536,1140
13,A,20,24,80,RH01,2.4395,2.4433322490245173,1440,0.15709157714766775,1141
14,A,20,24,80,RH02,2.4218,2.4387520821949145,480,0.6999786189988614,1142
15,A,18,24,80,RH03,2.3842,2.4075466884034213,960,0.9792252497031092,1143
16,A,17,24,80,RH01,2.3832,2.404306299734895,2880,0.885628555509195,1144
17,A,20,24,80,RH02,2.4071,2.4180755849961515,1440,0.45596713872093764,1145
18,B,20,24,80,RH02,2.4422,2.463269969734767,1440,0.862745464530624,1146
19,A,3,24,56,RH03,2.4438,2.4540364479113452,1440,0.41887420866458824,1147
20,B,3,24,56,RH03,2.4488,2.456307495810225,1440,0.30657856134537353,1148
21,A,2,24,33,RH04,2.4388,2.448641703124825,1440,0.4035469544376314,1149
22,B,2,24,33,RH04,2.4288,2.443427580097333,1440,0.6022554387900569,1150
23,A,1,24,11,RH04,2.3825,2.3949107714290463,1440,0.5209138060460243,1151
24,B,1,24,11,RH04,2.5488,2.573385253689625,1440,0.9645815163851723,1152
1,A,4,24,80,RH03,2.4073,2.426675545010744,5,0.8048662406323972,1153
2,A,18,24,80,RH03,2.3836,2.3853765116072085,10,0.07453060946502899,1154
3,A,17,24,80,RH03,2.4041,2.3981816745987468,15,-0.24617634047058645,1155
4,A,20,24,80,RH03,2.3681,2.3870518089454174,20,0.800295973371782,1156
5,A,19,24,80,RH03,2.3895,2.3921269300504093,30,0.10993639047537368,1157
6,A,7,24,80,RH03,2.4102,2.421107851285075,61,0.45257037943219497,1158
7,A,4,24,80,RH02,2.3848,2.388829503366361,284,0.16896609218219216,1159
8,A,17,24,80,RH01,2.4199,2.4194016426173004,5631,-0.02059413127400589,1160
9,A,18,24,80,RH01,2.4,2.4163785316430744,5630,0.6824388184614364,1161
10,A,20,24,80,RH01,2.4065,2.4244945206798048,5629,0.7477465480907941,1162
11,A,17,24,80,RH01,2.493,2.5016518787129645,1440,0.34704687978198423,1163
12,A,18,24,80,RH01,2.4084,2.4022028812307945,1440,-0.2573126876434729,1164
13,A,20,24,80,RH01,2.4395,2.4481877100054636,1440,0.3561266655242552,1165
14,A,20,24,80,RH02,2.4218,2.437239972820852,480,0.637541201620764,1166
15,A,18,24,80,RH03,2.3842,2.386019777113186,960,0.07632652936776141,1167
16,A,17,24,80,RH01,2.3832,2.396903590082453,2880,0.5750079759337468,1168
17,A,20,24,80,RH02,2.4071,2.419506362986167,1440,0.5154070452481013,1169
18,B,20,24,80,RH02,2.4422,2.458605048927875,1440,0.6717324104444636,1170
19,A,3,24,56,RH03,2.4438,2.449373802366821,1440,0.22807931773553336,1171
20,B,3,24,56,RH03,2.4488,2.4662294669312668,1440,0.7117554284248072,1172
21,A,2,24,33,RH04,2.4388,2.4512819890671294,1440,0.5118086381470205,1173
22,B,2,24,33,RH04,2.4288,2.4336663857669243,1440,0.20036173282790767,1174
23,A,1,24,11,RH04,2.3825,2.3885648726014925,1440,0.25455918579192977,1175
24,B,1,24,11,RH04,2.5488,2.5742605578874946,1440,0.9989233320580184,1176
1,A,4,24,80,RH03,2.4073,2.4099102271358643,5,0.1084296571205931,1177
2,A,18,24,80,RH03,2.3836,2.3844564651560627,10,0.03593158063697771,1178
3,A,17,24,80,RH03,2.4041,2.427211841752982,15,0.9613510982480826,1179
4,A,20,24,80,RH03,2.3681,2.3789270218004104,20,0.45720289685444016,1180
5,A,19,24,80,RH03,2.3895,2.3971291520729165,30,0.31927817840202505,1181
6,A,7,24,80,RH03,2.4102,2.4302521748326864,61,0.8319714062188229,1182
7,A,4,24,80,RH02,2.3848,2.3928681441825064,284,0.33831533807894076,1183
8,A,17,24,80,RH01,2.4199,2.445739762717437,5631,1.0678029140640808,1184
9,A,18,24,80,RH01,2.4,2.4173610662736427,5630,0.7233777614017807,1185
10,A,20,24,80,RH01,2.4065,2.415491323588892,5629,0.37362657755628925,1186
11,A,17,24,80,RH01,2.493,2.5220981081270124,1440,1.1671924639796512,1187
12,A,18,24,80,RH01,2.4084,2.416547268538316,1440,0.3382855230989985,1188
13,A,20,24,80,RH01,2.4395,2.45761642498005,1440,0.7426286116027921,1189
14,A,20,24,80,RH02,2.4218,2.4365678403136855,480,0.6097877741219476,1190
15,A,18,24,80,RH03,2.3842,2.4059086747465535,960,0.9105223868196395,1191
16,A,17,24,80,RH01,2.3832,2.406756820452118,2880,0.9884533590180558,1192
17,A,20,24,80,RH02,2.4071,2.4198480315616484,1440,0.52960124471973,1193
18,B,20,24,80,RH02,2.4422,2.454589477656539,1440,0.5073080688124982,1194
19,A,3,24,56,RH03,2.4438,2.4515391575381993,1440,0.31668538907436816,1195
20,B,3,24,56,RH03,2.4488,2.4723975685397526,1440,0.9636380488301459,1196
21,A,2,24,33,RH04,2.4388,2.44880892140198,1440,0.4104035346063674,1197
22,B,2,24,33,RH04,2.4288,2.4325111620577404,1440,0.15279817431407272,1198
23,A,1,24,11,RH04,2.3825,2.387944388659745,1440,0.2285157884468046,1199
24,B,1,24,11,RH04,2.5488,2.5631501135224104,1440,0.5630144978974664,1200
1,A,4,24,80,RH03,2.4073,2.4122572735741694,5,0.20592670519541817,1201
2,A,18,24,80,RH03,2.3836,2.399832216502772,10,0.6809958257581858,1202
3,A,17,24,80,RH03,2.4041,2.425152974074676,15,0.8757112463988991,1203
4,A,20,24,80,RH03,2.3681,2.385521780004958,20,0.73568599319952,1204
5,A,19,24,80,RH03,2.3895,2.4090655678356994,30,0.818814305741745,1205
6,A,7,24,80,RH03,2.4102,2.41726095743259,61,0.2929614734291618,1206
7,A,4,24,80,RH02,2.3848,2.387028757765862,284,0.09345679997744688,1207
8,A,17,24,80,RH01,2.4199,2.4433827119131015,5631,0.9704000955866461,1208
9,A,18,24,80,RH01,2.4,2.4101567051603365,5630,0.4231960483473593,1209
10,A,20,24,80,RH01,2.4065,2.4172029110377027,5629,0.44475009506348584,1210
11,A,17,24,80,RH01,2.493,2.5158971639868892,1440,0.9184582425547174,1211
12,A,18,24,80,RH01,2.4084,2.4249425530639215,1440,0.686869002820198,1212
13,A,20,24,80,RH01,2.4395,2.455521814659979,1440,0.6567663316244823,1213
14,A,20,24,80,RH02,2.4218,2.4501229680366445,480,1.1695007034703253,1214
15,A,18,24,80,RH03,2.3842,2.391995011505383,960,0.3269445308859571,1215
16,A,17,24,80,RH01,2.3832,2.4022263257797296,2880,0.7983520384243712,1216
17,A,20,24,80,RH02,2.4071,2.420028628878819,1440,0.5371039374691253,1217
18,B,20,24,80,RH02,2.4422,2.467409828899834,1440,1.032258983696411,1218
19,A,3,24,56,RH03,2.4438,2.460230907063662,1440,0.6723507268868871,1219
20,B,3,24,56,RH03,2.4488,2.472049186779566,1440,0.9494114170028671,1220
21,A,2,24,33,RH04,2.4388,2.4488116198495726,1440,0.41051418113713445,1221
22,B,2,24,33,RH04,2.4288,2.429740317408619,1440,0.03871530832588865,1222
23,A,1,24,11,RH04,2.3825,2.3808344662774346,1440,-0.06990697681280045,1223
24,B,1,24,11,RH04,2.5488,2.5640999090179295,1440,0.6002789162715596,1224
1,A,4,24,80,RH03,2.4073,2.418220088455826,5,0.4536239129242684,1225
2,A,18,24,80,RH03,2.3836,2.3940152834551545,10,0.43695601003332385,1226
3,A,17,24,80,RH03,2.4041,2.4188184293266084,15,0.6122220093427302,1227
4,A,20,24,80,RH03,2.3681,2.3862093618790428,20,0.764721163761789,1228
5,A,19,24,80,RH03,2.3895,2.4080937042013066,30,0.7781420465079236,1229
6,A,7,24,80,RH03,2.4102,2.4185170402726834,61,0.34507676842931845,1230
7,A,4,24,80,RH02,2.3848,2.3960053044108864,284,0.46986348586407656,1231
8,A,17,24,80,RH01,2.4199,2.43453492566656,5631,0.60477398514649,1232
9,A,18,24,80,RH01,2.4,2.4106894238914784,5630,0.4453926621449359,1233
10,A,20,24,80,RH01,2.4065,2.430618031386076,5629,1.0022036728059978,1234
11,A,17,24,80,RH01,2.493,2.509635601663302,1440,0.6672924854914755,1235
12,A,18,24,80,RH01,2.4084,2.426233318979767,1440,0.7404633358149453,1236
13,A,20,24,80,RH01,2.4395,2.4570366965647423,1440,0.7188643806002238,1237
14,A,20,24,80,RH02,2.4218,2.4429191169641737,480,0.8720421572455974,1238
15,A,18,24,80,RH03,2.3842,2.397892614800784,960,0.5743064676111121,1239
16,A,17,24,80,RH01,2.3832,2.3863208103048947,2880,0.13095041561324605,1240
17,A,20,24,80,RH02,2.4071,2.4225031866059914,1440,0.6399063855257925,1241
18,B,20,24,80,RH02,2.4422,2.4478449894074554,1440,0.23114361671670716,1242
19,A,3,24,56,RH03,2.4438,2.460806629167101,1440,0.695909205626528,1243
20,B,3,24,56,RH03,2.4488,2.4677546446819867,1440,0.7740380873075456,1244
21,A,2,24,33,RH04,2.4388,2.4537413058533795,1440,0.6126499037796892,1245
22,B,2,24,33,RH04,2.4288,2.4514526632820854,1440,0.9326689427736181,1246
23,A,1,24,11,RH04,2.3825,2.413484530058604,1440,1.3005049342541186,1247
24,B,1,24,11,RH04,2.5488,2.551473005607962,1440,0.10487310137956363,1248
1,A,4,24,80,RH03,2.4073,2.425258517853455,5,0.7460024863313598,1249
2,A,18,24,80,RH03,2.3836,2.3987203073786194,10,0.6343475154648334,1250
3,A,17,24,80,RH03,2.4041,2.425903403788271,15,0.9069258262248237,1251
4,A,20,24,80,RH03,2.3681,2.3851966022738273,20,0.7219544053809875,1252
5,A,19,24,80,RH03,2.3895,2.4009328782788124,30,0.47846320480486787,1253
6,A,7,24,80,RH03,2.4102,2.413880629172686,61,0.15271052911319033,1254
7,A,4,24,80,RH02,2.3848,2.3957055240080725,284,0.45729302281419243,1255
8,A,17,24,80,RH01,2.4199,2.426308956658577,5631,0.26484386373721,1256
9,A,18,24,80,RH01,2.4,2.4083002311614057,5630,0.34584296505858325,1257
10,A,20,24,80,RH01,2.4065,2.423263041790715,5629,0.6965735213261829,1258
11,A,17,24,80,RH01,2.493,2.5184528157880437,1440,1.020971351305422,1259
12,A,18,24,80,RH01,2.4084,2.4237752607372767,1440,0.6384014589468944,1260
13,A,20,24,80,RH01,2.4395,2.4434333298104955,1440,0.1612350813894447,1261
14,A,20,24,80,RH02,2.4218,2.4376235762256866,480,0.6533808004660422,1262
15,A,18,24,80,RH03,2.3842,2.4051568663713816,960,0.8789894459936953,1263
16,A,17,24,80,RH01,2.3832,2.3912329361472784,2880,0.33706512870418537,1264
17,A,20,24,80,RH02,2.4071,2.4186491418343046,1440,0.4797948499981247,1265
18,B,20,24,80,RH02,2.4422,2.449220547037707,1440,0.28746814502116746,1266
19,A,3,24,56,RH03,2.4438,2.461260563172683,1440,0.7144841301531577,1267
20,B,3,24,56,RH03,2.4488,2.464023457493297,1440,0.6216701034505521,1268
21,A,2,24,33,RH04,2.4388,2.4449885122303288,1440,0.25375234665937,1269
22,B,2,24,33,RH04,2.4288,2.4445683220860253,1440,0.6492227472836493,1270
23,A,1,24,11,RH04,2.3825,2.392224175045424,1440,0.40815005437246993,1271
24,B,1,24,11,RH04,2.5488,2.567801352798364,1440,0.7455019145623003,1272
1,A,4,24,80,RH03,2.4073,2.421440610620908,5,0.5874054177255658,1273
2,A,18,24,80,RH03,2.3836,2.402663490520558,10,0.799777249561927,1274
3,A,17,24,80,RH03,2.4041,2.4063716408243674,15,0.09449028012009053,1275
4,A,20,24,80,RH03,2.3681,2.367904805957045,20,-0.008242643594232768,1276
5,A,19,24,80,RH03,2.3895,2.3909887327090042,30,0.06230310562897162,1277
6,A,7,24,80,RH03,2.4102,2.4318622806182404,61,0.8987752310281547,1278
7,A,4,24,80,RH02,2.3848,2.393252746081027,284,0.354442556232266,1279
8,A,17,24,80,RH01,2.4199,2.451055239354166,5631,1.2874597857004757,1280
9,A,18,24,80,RH01,2.4,2.4084174172896664,5630,0.35072572040278344,1281
10,A,20,24,80,RH01,2.4065,2.4203461681334306,5629,0.5753653909591111,1282
11,A,17,24,80,RH01,2.493,2.5174970403352552,1440,0.9826329857703626,1283
12,A,18,24,80,RH01,2.4084,2.4354181023355275,1440,1.1218278664477368,1284
13,A,20,24,80,RH01,2.4395,2.467272513925613,1440,1.1384510729909194,1285
14,A,20,24,80,RH02,2.4218,2.4431726240117517,480,0.8825098691779427,1286
15,A,18,24,80,RH03,2.3842,2.4039225496221186,960,0.8272187577434387,1287
16,A,17,24,80,RH01,2.3832,2.3998289706760088,2880,0.697758084760355,1288
17,A,20,24,80,RH02,2.4071,2.425237698839322,1440,0.7535083228499914,1289
18,B,20,24,80,RH02,2.4422,2.446212612547883,1440,0.16430319170760121,1290
19,A,3,24,56,RH03,2.4438,2.4564830205029375,1440,0.5189876627767144,1291
20,B,3,24,56,RH03,2.4488,2.457370669251144,1440,0.34999466069683177,1292
21,A,2,24,33,RH04,2.4388,2.4565768091205724,1440,0.7289162342370146,1293
22,B,2,24,33,RH04,2.4288,2.4467144185174288,1440,0.7375831076016564,1294
23,A,1,24,11,RH04,2.3825,2.4054496462543424,1440,0.9632590243165786,1295
24,B,1,24,11,RH04,2.5488,2.5547530878823568,1440,0.2335643393893836,1296
1,A,4,24,80,RH03,2.4073,2.414641140882839,5,0.3049533038191585,1297
2,A,18,24,80,RH03,2.3836,2.3826474899586336,10,-0.039960985121917925,1298
3,A,17,24,80,RH03,2.4041,2.4160050020894968,15,0.49519579424719024,1299
4,A,20,24,80,RH03,2.3681,2.379549189176193,20,0.483475747485015,1300
5,A,19,24,80,RH03,2.3895,2.412774564484431,30,0.9740349229726393,1301
6,A,7,24,80,RH03,2.4102,2.427294186966342,61,0.7092435053664332,1302
7,A,4,24,80,RH02,2.3848,2.389873517784019,284,0.21274395270123853,1303
8,A,17,24,80,RH01,2.4199,2.4459436358038165,5631,1.0762277699002565,1304
9,A,18,24,80,RH01,2.4,2.4212714426077824,5630,0.886310108657606,1305
10,A,20,24,80,RH01,2.4065,2.4232162543701916,5629,0.6946293110405848,1306
11,A,17,24,80,RH01,2.493,2.504269725424702,1440,0.4520547703450504,1307
12,A,18,24,80,RH01,2.4084,2.4139915396268252,1440,0.23216822898295608,1308
13,A,20,24,80,RH01,2.4395,2.4494614047093237,1440,0.4083379671786841,1309
14,A,20,24,80,RH02,2.4218,2.4423035542215987,480,0.8466245859112558,1310
15,A,18,24,80,RH03,2.3842,2.410077532011828,960,1.0853758917803829,1311
16,A,17,24,80,RH01,2.3832,2.4066262139297345,2880,0.9829730584816567,1312
17,A,20,24,80,RH02,2.4071,2.416086791670455,1440,0.3733451734641178,1313
18,B,20,24,80,RH02,2.4422,2.450462997785463,1440,0.33834238741555894,1314
19,A,3,24,56,RH03,2.4438,2.4435426236353126,1440,-0.010531809668855474,1315
20,B,3,24,56,RH03,2.4488,2.4620321585570064,1440,0.5403527669473558,1316
21,A,2,24,33,RH04,2.4388,2.448072050537731,1440,0.38018904943952736,1317
22,B,2,24,33,RH04,2.4288,2.437425626196954,1440,0.35513941851755587,1318
23,A,1,24,11,RH04,2.3825,2.3910815207485165,1440,0.36018974810142657,1319
24,B,1,24,11,RH04,2.5488,2.5341275261506464,1440,-0.5756620311265523,1320
1,A,4,24,80,RH03,2.4073,2.419619250107215,5,0.5117455284848091,1321
2,A,18,24,80,RH03,2.3836,2.4086677367174656,10,1.0516754790009233,1322
3,A,17,24,80,RH03,2.4041,2.4285828198330837,15,1.018377764364361,1323
4,A,20,24,80,RH03,2.3681,2.377166771064334,20,0.38287112302411846,1324
5,A,19,24,80,RH03,2.3895,2.397608442845297,30,0.33933638189146587,1325
6,A,7,24,80,RH03,2.4102,2.4261225591359765,61,0.6606322768225071,1326
7,A,4,24,80,RH02,2.3848,2.3900581112138712,284,0.22048436824351259,1327
8,A,17,24,80,RH01,2.4199,2.43467439865512,5631,0.6105375699458399,1328
9,A,18,24,80,RH01,2.4,2.4179957780043697,5630,0.7498240835154071,1329
10,A,20,24,80,RH01,2.4065,2.4278716444098327,5629,0.8880799671652924,1330
11,A,17,24,80,RH01,2.493,2.505214547662006,1440,0.4899537770560142,1331
12,A,18,24,80,RH01,2.4084,2.4194520964202213,1440,0.45889787494691026,1332
13,A,20,24,80,RH01,2.4395,2.445759884438822,1440,0.2566052239730317,1333
14,A,20,24,80,RH02,2.4218,2.428385743475759,480,0.271935893788042,1334
15,A,18,24,80,RH03,2.3842,2.394977927077785,960,0.452056332429542,1335
16,A,17,24,80,RH01,2.3832,2.398219156427533,2880,0.6302096520448535,1336
17,A,20,24,80,RH02,2.4071,2.426214188661418,1440,0.7940753878699749,1337
18,B,20,24,80,RH02,2.4422,2.461912724802636,1440,0.8071707805517876,1338
19,A,3,24,56,RH03,2.4438,2.454520044431317,1440,0.43866291968722937,1339
20,B,3,24,56,RH03,2.4488,2.455939795659507,1440,0.2915630373859658,1340
21,A,2,24,33,RH04,2.4388,2.4337450485597394,1440,-0.20727207808188242,1341
22,B,2,24,33,RH04,2.4288,2.4510930382891374,1440,0.9178622483999399,1342
23,A,1,24,11,RH04,2.3825,2.3928782112854976,1440,0.435601732864536,1343
24,B,1,24,11,RH04,2.5488,2.566340329514378,1440,0.6881799087562042,1344
